score,risk,aurc,spearman_rho,controlled_spearman_rho,top10_failure_enrichment,top20_failure_enrichment,top10_mean_risk,top20_mean_risk
mean_entropy,one_minus_instance_f1,0.19105296696006674,0.2573659596251749,0.1812382739212008,0.9677419354838709,1.129032258064516,0.44098124098124103,0.28715728715728717
mean_entropy,normalized_merge_split_error,0.8078483407400974,-0.17120855645078714,-0.3052532833020638,0.9677419354838709,1.129032258064516,0.38907563025210085,0.6320378151260504
mean_entropy,one_minus_binary_dice,0.1917210907648624,0.17542213883677302,0.17242026266416513,0.9677419354838709,1.129032258064516,0.2984597619011802,0.26725382341864184
p95_entropy,one_minus_instance_f1,0.17424491524922672,0.4320341807531428,0.14146341463414636,0.9677419354838709,0.9677419354838709,0.35782828282828283,0.34002525252525256
p95_entropy,normalized_merge_split_error,0.8453439318134361,-0.32814973319734203,-0.11500938086303941,0.9677419354838709,0.9677419354838709,0.4319327731092437,0.45480567226890756
p95_entropy,one_minus_binary_dice,0.16590658379546883,0.401500938086304,0.40393996247654795,0.9677419354838709,0.9677419354838709,0.17444628947338217,0.23685553143110943
pairwise_semantic_dice_disagreement,one_minus_instance_f1,0.19045304472407168,0.2812101588257426,0.1384615384615385,0.9677419354838709,1.129032258064516,0.44098124098124103,0.3091480278980279
pairwise_semantic_dice_disagreement,normalized_merge_split_error,0.8302955113059092,-0.28582317340811964,-0.3187617260787993,0.9677419354838709,1.129032258064516,0.3890756302521008,0.5297650878533231
pairwise_semantic_dice_disagreement,one_minus_binary_dice,0.20043225553574723,0.12495309568480302,0.18836772983114447,0.9677419354838709,1.129032258064516,0.2984597619011802,0.2625713137545436
foreground_jaccard_disagreement,one_minus_instance_f1,0.18649942967742295,0.327763119169708,0.14727954971857413,0.9677419354838709,1.129032258064516,0.44098124098124103,0.28385040885040885
foreground_jaccard_disagreement,normalized_merge_split_error,0.8447315221785008,-0.361915865164025,-0.33939962476547847,0.9677419354838709,1.129032258064516,0.3890756302521008,0.5089317545199898
foreground_jaccard_disagreement,one_minus_binary_dice,0.1967095451871522,0.1977485928705441,0.2210131332082552,0.9677419354838709,1.129032258064516,0.2984597619011802,0.3132556309551625
union_foreground_nvi,one_minus_instance_f1,0.19837425267984074,0.24118596731050396,0.006566604127579738,1.2903225806451613,0.9677419354838709,0.21428571428571427,0.2483044733044733
union_foreground_nvi,normalized_merge_split_error,0.6902315331113149,-0.11708762943939943,0.05459662288930583,1.2903225806451613,0.9677419354838709,1.0229166666666667,0.7697916666666667
union_foreground_nvi,one_minus_binary_dice,0.18614287757241435,0.3772983114446529,0.38217636022514073,1.2903225806451613,0.9677419354838709,0.27832283055811535,0.27156415099201753
fragment_count_variance,one_minus_instance_f1,0.2700370935709315,0.20554816208083157,0.0551594746716698,0.9677419354838709,0.9677419354838709,0.3987193362193362,0.35610569985569984
fragment_count_variance,normalized_merge_split_error,0.6695648024519061,-0.21430517830233659,-0.2110694183864916,0.9677419354838709,0.9677419354838709,0.40931372549019607,0.4088235294117647
fragment_count_variance,one_minus_binary_dice,0.20113691396338024,0.20676816163848727,0.15628517823639776,0.9677419354838709,0.9677419354838709,0.2369119638007865,0.2448105542149427
hungarian_structural_disagreement,one_minus_instance_f1,0.16715553887894058,0.5394276969937949,0.29174484052532834,0.9677419354838709,0.8064516129032258,0.4757034632034632,0.4309072871572872
hungarian_structural_disagreement,normalized_merge_split_error,0.8041439816777747,-0.4313504463912888,-0.15722326454033772,0.9677419354838709,0.8064516129032258,0.4426470588235294,0.3820378151260504
hungarian_structural_disagreement,one_minus_binary_dice,0.1936314315112281,0.2656660412757974,0.29061913696060043,0.9677419354838709,0.8064516129032258,0.3008791058683047,0.2446700106538126
fa_ipd,one_minus_instance_f1,0.18660316512288194,0.33079095398882774,0.14671669793621014,0.9677419354838709,1.129032258064516,0.44098124098124103,0.3341480278980279
fa_ipd,normalized_merge_split_error,0.8218702260858539,-0.34974103448308025,-0.33489681050656667,0.9677419354838709,1.129032258064516,0.3890756302521008,0.5297650878533231
fa_ipd,one_minus_binary_dice,0.20052517426329666,0.20281425891181992,0.22589118198874303,0.9677419354838709,1.129032258064516,0.2984597619011802,0.3200106236088047
