score,risk,retained_count,coverage,prefix_mean_risk,newly_retained_case_id
mean_entropy,one_minus_instance_f1,1,0.025,0.0,262
mean_entropy,one_minus_instance_f1,2,0.05,0.0,305
mean_entropy,one_minus_instance_f1,3,0.075,0.0,268
mean_entropy,one_minus_instance_f1,4,0.1,0.035714285714285726,255
mean_entropy,one_minus_instance_f1,5,0.125,0.02857142857142858,292
mean_entropy,one_minus_instance_f1,6,0.15,0.042328042328042347,053
mean_entropy,one_minus_instance_f1,7,0.175,0.09183673469387757,172
mean_entropy,one_minus_instance_f1,8,0.2,0.12202380952380955,365
mean_entropy,one_minus_instance_f1,9,0.225,0.13445651164949413,046
mean_entropy,one_minus_instance_f1,10,0.25,0.14101086048454473,293
mean_entropy,one_minus_instance_f1,11,0.275,0.1281916913495861,259
mean_entropy,one_minus_instance_f1,12,0.3,0.18374836664310348,167
mean_entropy,one_minus_instance_f1,13,0.325,0.19525490254235195,342
mean_entropy,one_minus_instance_f1,14,0.35,0.1860700285512316,060
mean_entropy,one_minus_instance_f1,15,0.375,0.2181098044255939,008
mean_entropy,one_minus_instance_f1,16,0.4,0.220681645352698,076
mean_entropy,one_minus_instance_f1,17,0.425,0.21610373344119474,415
mean_entropy,one_minus_instance_f1,18,0.45,0.2125154788897479,056
mean_entropy,one_minus_instance_f1,19,0.475,0.2188743133341471,104
mean_entropy,one_minus_instance_f1,20,0.5,0.2150734548102969,074
mean_entropy,one_minus_instance_f1,21,0.525,0.24186889876112933,112
mean_entropy,one_minus_instance_f1,22,0.55,0.23087485790835072,339
mean_entropy,one_minus_instance_f1,23,0.575,0.23677884959349488,047
mean_entropy,one_minus_instance_f1,24,0.6,0.24543158271228446,004
mean_entropy,one_minus_instance_f1,25,0.625,0.23751908130855498,151
mean_entropy,one_minus_instance_f1,26,0.65,0.2454777491214738,154
mean_entropy,one_minus_instance_f1,27,0.675,0.2602542933926949,031
mean_entropy,one_minus_instance_f1,28,0.7,0.2708007670413685,417
mean_entropy,one_minus_instance_f1,29,0.725,0.2769800509364937,193
mean_entropy,one_minus_instance_f1,30,0.75,0.2677473825719439,340
mean_entropy,one_minus_instance_f1,31,0.775,0.2591103702309135,380
mean_entropy,one_minus_instance_f1,32,0.8,0.2572631711611974,317
mean_entropy,one_minus_instance_f1,33,0.825,0.25956832759065607,355
mean_entropy,one_minus_instance_f1,34,0.85,0.2519339650144603,357
mean_entropy,one_minus_instance_f1,35,0.875,0.25045013744261857,327
mean_entropy,one_minus_instance_f1,36,0.9,0.24349318918032362,254
mean_entropy,one_minus_instance_f1,37,0.925,0.2484953037584616,336
mean_entropy,one_minus_instance_f1,38,0.95,0.2513658420168115,030
mean_entropy,one_minus_instance_f1,39,0.975,0.2528977719935884,177
mean_entropy,one_minus_instance_f1,40,1.0,0.26324199436041534,036
mean_entropy,normalized_merge_split_error,1,0.025,1.6666666666666667,262
mean_entropy,normalized_merge_split_error,2,0.05,1.3333333333333335,305
mean_entropy,normalized_merge_split_error,3,0.075,1.4722222222222223,268
mean_entropy,normalized_merge_split_error,4,0.1,1.4791666666666667,255
mean_entropy,normalized_merge_split_error,5,0.125,1.1833333333333333,292
mean_entropy,normalized_merge_split_error,6,0.15,1.0575396825396826,053
mean_entropy,normalized_merge_split_error,7,0.175,0.9223356009070295,172
mean_entropy,normalized_merge_split_error,8,0.2,0.9320436507936508,365
mean_entropy,normalized_merge_split_error,9,0.225,0.9321869488536154,046
mean_entropy,normalized_merge_split_error,10,0.25,0.9389682539682539,293
mean_entropy,normalized_merge_split_error,11,0.275,0.9445165945165944,259
mean_entropy,normalized_merge_split_error,12,0.3,0.8991402116402116,167
mean_entropy,normalized_merge_split_error,13,0.325,0.8299755799755799,342
mean_entropy,normalized_merge_split_error,14,0.35,0.8183106575963718,060
mean_entropy,normalized_merge_split_error,15,0.375,0.7637566137566137,008
mean_entropy,normalized_merge_split_error,16,0.4,0.7273854617604617,076
mean_entropy,normalized_merge_split_error,17,0.425,0.7507745522451404,415
mean_entropy,normalized_merge_split_error,18,0.45,0.7312870771204104,056
mean_entropy,normalized_merge_split_error,19,0.475,0.6927982835877572,104
mean_entropy,normalized_merge_split_error,20,0.5,0.6914917027417027,074
mean_entropy,normalized_merge_split_error,21,0.525,0.6585635264206692,112
mean_entropy,normalized_merge_split_error,22,0.55,0.6740833661288206,339
mean_entropy,normalized_merge_split_error,23,0.575,0.6447753936884372,047
mean_entropy,normalized_merge_split_error,24,0.6,0.6439514189514189,004
mean_entropy,normalized_merge_split_error,25,0.625,0.6315266955266955,151
mean_entropy,normalized_merge_split_error,26,0.65,0.6072372072372072,154
mean_entropy,normalized_merge_split_error,27,0.675,0.5847469403024959,031
mean_entropy,normalized_merge_split_error,28,0.7,0.5944753659039373,417
mean_entropy,normalized_merge_split_error,29,0.725,0.5912175946658705,193
mean_entropy,normalized_merge_split_error,30,0.75,0.6048436748436749,340
mean_entropy,normalized_merge_split_error,31,0.775,0.6068379649024811,380
mean_entropy,normalized_merge_split_error,32,0.8,0.6191242784992785,317
mean_entropy,normalized_merge_split_error,33,0.825,0.6155144518780883,355
mean_entropy,normalized_merge_split_error,34,0.85,0.6268228503522622,357
mean_entropy,normalized_merge_split_error,35,0.875,0.6374850546279118,327
mean_entropy,normalized_merge_split_error,36,0.9,0.647554914221581,254
mean_entropy,normalized_merge_split_error,37,0.925,0.6516750516750517,336
mean_entropy,normalized_merge_split_error,38,0.95,0.6469096091387113,030
mean_entropy,normalized_merge_split_error,39,0.975,0.6376481905893671,177
mean_entropy,normalized_merge_split_error,40,1.0,0.6217069858246329,036
mean_entropy,one_minus_binary_dice,1,0.025,0.027164151392717772,262
mean_entropy,one_minus_binary_dice,2,0.05,0.01978711549133455,305
mean_entropy,one_minus_binary_dice,3,0.075,0.021974614026347854,268
mean_entropy,one_minus_binary_dice,4,0.1,0.026977302388733276,255
mean_entropy,one_minus_binary_dice,5,0.125,0.0934919178235635,292
mean_entropy,one_minus_binary_dice,6,0.15,0.11074533581883533,053
mean_entropy,one_minus_binary_dice,7,0.175,0.11780809375783388,172
mean_entropy,one_minus_binary_dice,8,0.2,0.14866184428856674,365
mean_entropy,one_minus_binary_dice,9,0.225,0.15481315512767516,046
mean_entropy,one_minus_binary_dice,10,0.25,0.15130692788737315,293
mean_entropy,one_minus_binary_dice,11,0.275,0.18567115577214957,259
mean_entropy,one_minus_binary_dice,12,0.3,0.19232631364173866,167
mean_entropy,one_minus_binary_dice,13,0.325,0.21813156112759463,342
mean_entropy,one_minus_binary_dice,14,0.35,0.2155752507390301,060
mean_entropy,one_minus_binary_dice,15,0.375,0.21526388460120702,008
mean_entropy,one_minus_binary_dice,16,0.4,0.2171858505511261,076
mean_entropy,one_minus_binary_dice,17,0.425,0.22479631306997522,415
mean_entropy,one_minus_binary_dice,18,0.45,0.22529475230346632,056
mean_entropy,one_minus_binary_dice,19,0.475,0.22712223065818146,104
mean_entropy,one_minus_binary_dice,20,0.5,0.2273517605565071,074
mean_entropy,one_minus_binary_dice,21,0.525,0.22820218518736263,112
mean_entropy,one_minus_binary_dice,22,0.55,0.23830793301144612,339
mean_entropy,one_minus_binary_dice,23,0.575,0.2373951624015967,047
mean_entropy,one_minus_binary_dice,24,0.6,0.23783708365699097,004
mean_entropy,one_minus_binary_dice,25,0.625,0.2347840501513271,151
mean_entropy,one_minus_binary_dice,26,0.65,0.23884760529891658,154
mean_entropy,one_minus_binary_dice,27,0.675,0.24001973043896707,031
mean_entropy,one_minus_binary_dice,28,0.7,0.23204809272265264,417
mean_entropy,one_minus_binary_dice,29,0.725,0.23147923391306224,193
mean_entropy,one_minus_binary_dice,30,0.75,0.23023260369977772,340
mean_entropy,one_minus_binary_dice,31,0.775,0.23536101480461855,380
mean_entropy,one_minus_binary_dice,32,0.8,0.22830035138541832,317
mean_entropy,one_minus_binary_dice,33,0.825,0.22186274788137628,355
mean_entropy,one_minus_binary_dice,34,0.85,0.21603304028989787,357
mean_entropy,one_minus_binary_dice,35,0.875,0.22366544395604937,327
mean_entropy,one_minus_binary_dice,36,0.9,0.22916118844660557,254
mean_entropy,one_minus_binary_dice,37,0.925,0.23629276207670588,336
mean_entropy,one_minus_binary_dice,38,0.95,0.236124238212941,030
mean_entropy,one_minus_binary_dice,39,0.975,0.2353485862427639,177
mean_entropy,one_minus_binary_dice,40,1.0,0.23609104579206303,036
p95_entropy,one_minus_instance_f1,1,0.025,0.0,262
p95_entropy,one_minus_instance_f1,2,0.05,0.0,305
p95_entropy,one_minus_instance_f1,3,0.075,0.04761904761904764,255
p95_entropy,one_minus_instance_f1,4,0.1,0.035714285714285726,268
p95_entropy,one_minus_instance_f1,5,0.125,0.02857142857142858,292
p95_entropy,one_minus_instance_f1,6,0.15,0.02380952380952382,380
p95_entropy,one_minus_instance_f1,7,0.175,0.020408163265306128,357
p95_entropy,one_minus_instance_f1,8,0.2,0.059523809523809534,355
p95_entropy,one_minus_instance_f1,9,0.225,0.07513227513227513,317
p95_entropy,one_minus_instance_f1,10,0.25,0.06761904761904762,340
p95_entropy,one_minus_instance_f1,11,0.275,0.13373293373293374,167
p95_entropy,one_minus_instance_f1,12,0.3,0.13184778184778187,053
p95_entropy,one_minus_instance_f1,13,0.325,0.18153470461162768,112
p95_entropy,one_minus_instance_f1,14,0.35,0.18527637775758077,046
p95_entropy,one_minus_instance_f1,15,0.375,0.17736906368485317,060
p95_entropy,one_minus_instance_f1,16,0.4,0.18248720090825354,076
p95_entropy,one_minus_instance_f1,17,0.425,0.18351736556070922,293
p95_entropy,one_minus_instance_f1,18,0.45,0.19832195636289207,193
p95_entropy,one_minus_instance_f1,19,0.475,0.22180208731455267,031
p95_entropy,one_minus_instance_f1,20,0.5,0.2130929353297774,151
p95_entropy,one_minus_instance_f1,21,0.525,0.22146417121354464,172
p95_entropy,one_minus_instance_f1,22,0.55,0.24170064827959567,036
p95_entropy,one_minus_instance_f1,23,0.575,0.23119192444135236,259
p95_entropy,one_minus_instance_f1,24,0.6,0.22155892758962936,254
p95_entropy,one_minus_instance_f1,25,0.625,0.22602990381937751,365
p95_entropy,one_minus_instance_f1,26,0.65,0.2228309514746762,415
p95_entropy,one_minus_instance_f1,27,0.675,0.23103885862170465,154
p95_entropy,one_minus_instance_f1,28,0.7,0.23469223271854853,342
p95_entropy,one_minus_instance_f1,29,0.725,0.2413777222307168,336
p95_entropy,one_minus_instance_f1,30,0.75,0.23809370291826432,074
p95_entropy,one_minus_instance_f1,31,0.775,0.2304132608886429,339
p95_entropy,one_minus_instance_f1,32,0.8,0.24404617981920615,008
p95_entropy,one_minus_instance_f1,33,0.825,0.24675185113781606,104
p95_entropy,one_minus_instance_f1,34,0.85,0.24537679669258616,327
p95_entropy,one_minus_instance_f1,35,0.875,0.2510644437712107,004
p95_entropy,one_minus_instance_f1,36,0.9,0.2527324067528746,177
p95_entropy,one_minus_instance_f1,37,0.925,0.24999680525996318,056
p95_entropy,one_minus_instance_f1,38,0.95,0.25306706477066593,047
p95_entropy,one_minus_instance_f1,39,0.975,0.25574677484259134,030
p95_entropy,one_minus_instance_f1,40,1.0,0.26324199436041545,417
p95_entropy,normalized_merge_split_error,1,0.025,1.6666666666666667,262
p95_entropy,normalized_merge_split_error,2,0.05,1.3333333333333335,305
p95_entropy,normalized_merge_split_error,3,0.075,1.388888888888889,255
p95_entropy,normalized_merge_split_error,4,0.1,1.4791666666666667,268
p95_entropy,normalized_merge_split_error,5,0.125,1.1833333333333333,292
p95_entropy,normalized_merge_split_error,6,0.15,1.0972222222222223,380
p95_entropy,normalized_merge_split_error,7,0.175,1.0833333333333335,357
p95_entropy,normalized_merge_split_error,8,0.2,1.0104166666666667,355
p95_entropy,normalized_merge_split_error,9,0.225,1.0092592592592593,317
p95_entropy,normalized_merge_split_error,10,0.25,1.0083333333333333,340
p95_entropy,normalized_merge_split_error,11,0.275,0.9530303030303031,167
p95_entropy,normalized_merge_split_error,12,0.3,0.9093253968253969,053
p95_entropy,normalized_merge_split_error,13,0.325,0.8393772893772895,112
p95_entropy,normalized_merge_split_error,14,0.35,0.8460884353741498,046
p95_entropy,normalized_merge_split_error,15,0.375,0.8341269841269842,060
p95_entropy,normalized_merge_split_error,16,0.4,0.793357683982684,076
p95_entropy,normalized_merge_split_error,17,0.425,0.8055131143366437,293
p95_entropy,normalized_merge_split_error,18,0.45,0.7885401635401635,193
p95_entropy,normalized_merge_split_error,19,0.475,0.7470380496696286,031
p95_entropy,normalized_merge_split_error,20,0.5,0.7263528138528139,151
p95_entropy,normalized_merge_split_error,21,0.525,0.6970555899127329,172
p95_entropy,normalized_merge_split_error,22,0.55,0.6653712449166995,036
p95_entropy,normalized_merge_split_error,23,0.575,0.679920321224669,259
p95_entropy,normalized_merge_split_error,24,0.6,0.6932569745069745,254
p95_entropy,normalized_merge_split_error,25,0.625,0.7055266955266956,365
p95_entropy,normalized_merge_split_error,26,0.65,0.7216602841602842,415
p95_entropy,normalized_merge_split_error,27,0.675,0.6949321254876811,154
p95_entropy,normalized_merge_split_error,28,0.7,0.6701131210059782,342
p95_entropy,normalized_merge_split_error,29,0.725,0.6745919789023238,336
p95_entropy,normalized_merge_split_error,30,0.75,0.6743278018278019,074
p95_entropy,normalized_merge_split_error,31,0.775,0.6848333566075503,339
p95_entropy,normalized_merge_split_error,32,0.8,0.6634323142135643,008
p95_entropy,normalized_merge_split_error,33,0.825,0.6433283046919411,104
p95_entropy,normalized_merge_split_error,34,0.85,0.6538186486715899,327
p95_entropy,normalized_merge_split_error,35,0.875,0.6529952587095446,004
p95_entropy,normalized_merge_split_error,36,0.9,0.6427930094596762,177
p95_entropy,normalized_merge_split_error,37,0.925,0.6362310362310363,056
p95_entropy,normalized_merge_split_error,38,0.95,0.6194881142249563,047
p95_entropy,normalized_merge_split_error,39,0.975,0.615670168611345,030
p95_entropy,normalized_merge_split_error,40,1.0,0.6217069858246329,417
p95_entropy,one_minus_binary_dice,1,0.025,0.027164151392717772,262
p95_entropy,one_minus_binary_dice,2,0.05,0.01978711549133455,305
p95_entropy,one_minus_binary_dice,3,0.075,0.02718653281951955,255
p95_entropy,one_minus_binary_dice,4,0.1,0.026977302388733276,268
p95_entropy,one_minus_binary_dice,5,0.125,0.0934919178235635,292
p95_entropy,one_minus_binary_dice,6,0.15,0.14277882284461027,380
p95_entropy,one_minus_binary_dice,7,0.175,0.12576080383411034,357
p95_entropy,one_minus_binary_dice,8,0.2,0.11202313282385043,355
p95_entropy,one_minus_binary_dice,9,0.225,0.10062276088677932,317
p95_entropy,one_minus_binary_dice,10,0.25,0.10996851754955399,340
p95_entropy,one_minus_binary_dice,11,0.275,0.12411074779115984,167
p95_entropy,one_minus_binary_dice,12,0.3,0.1301858876248294,053
p95_entropy,one_minus_binary_dice,13,0.325,0.13903394840787892,112
p95_entropy,one_minus_binary_dice,14,0.35,0.1436760693673549,046
p95_entropy,one_minus_binary_dice,15,0.375,0.14625387912204404,060
p95_entropy,one_minus_binary_dice,16,0.4,0.15248897041441084,076
p95_entropy,one_minus_binary_dice,17,0.425,0.15056320055030756,293
p95_entropy,one_minus_binary_dice,18,0.45,0.15417364425554225,193
p95_entropy,one_minus_binary_dice,19,0.475,0.16029582003579157,031
p95_entropy,one_minus_binary_dice,20,0.5,0.1603565913347717,151
p95_entropy,one_minus_binary_dice,21,0.525,0.16034840324225044,172
p95_entropy,one_minus_binary_dice,22,0.55,0.16510742892281768,036
p95_entropy,one_minus_binary_dice,23,0.575,0.18094247264877836,259
p95_entropy,one_minus_binary_dice,24,0.6,0.19096621318908233,254
p95_entropy,one_minus_binary_dice,25,0.625,0.1979130885816669,365
p95_entropy,one_minus_binary_dice,26,0.65,0.20363042030435516,415
p95_entropy,one_minus_binary_dice,27,0.675,0.20869731155192175,154
p95_entropy,one_minus_binary_dice,28,0.7,0.22009364081641977,342
p95_entropy,one_minus_binary_dice,29,0.725,0.22950521915931277,336
p95_entropy,one_minus_binary_dice,30,0.75,0.22957880614149215,074
p95_entropy,one_minus_binary_dice,31,0.775,0.2367062200503859,339
p95_entropy,one_minus_binary_dice,32,0.8,0.23589992438230145,008
p95_entropy,one_minus_binary_dice,33,0.825,0.2366307400386879,104
p95_entropy,one_minus_binary_dice,34,0.85,0.24388181146711468,327
p95_entropy,one_minus_binary_dice,35,0.875,0.24399951035465597,004
p95_entropy,one_minus_binary_dice,36,0.9,0.24294046316080534,177
p95_entropy,one_minus_binary_dice,37,0.925,0.24269256467734612,056
p95_entropy,one_minus_binary_dice,38,0.95,0.2420247132117557,047
p95_entropy,one_minus_binary_dice,39,0.975,0.24171353736667583,030
p95_entropy,one_minus_binary_dice,40,1.0,0.236091045792063,417
pairwise_semantic_dice_disagreement,one_minus_instance_f1,1,0.025,0.0,305
pairwise_semantic_dice_disagreement,one_minus_instance_f1,2,0.05,0.0,262
pairwise_semantic_dice_disagreement,one_minus_instance_f1,3,0.075,0.0,268
pairwise_semantic_dice_disagreement,one_minus_instance_f1,4,0.1,0.035714285714285726,255
pairwise_semantic_dice_disagreement,one_minus_instance_f1,5,0.125,0.02857142857142858,292
pairwise_semantic_dice_disagreement,one_minus_instance_f1,6,0.15,0.05714285714285714,293
pairwise_semantic_dice_disagreement,one_minus_instance_f1,7,0.175,0.09659863945578231,365
pairwise_semantic_dice_disagreement,one_minus_instance_f1,8,0.2,0.08452380952380953,259
pairwise_semantic_dice_disagreement,one_minus_instance_f1,9,0.225,0.11216931216931217,342
pairwise_semantic_dice_disagreement,one_minus_instance_f1,10,0.25,0.11523809523809522,415
pairwise_semantic_dice_disagreement,one_minus_instance_f1,11,0.275,0.1260271891850839,046
pairwise_semantic_dice_disagreement,one_minus_instance_f1,12,0.3,0.12478418267891951,053
pairwise_semantic_dice_disagreement,one_minus_instance_f1,13,0.325,0.17632938361683298,167
pairwise_semantic_dice_disagreement,one_minus_instance_f1,14,0.35,0.16373442764420207,339
pairwise_semantic_dice_disagreement,one_minus_instance_f1,15,0.375,0.20467065098644044,112
pairwise_semantic_dice_disagreement,one_minus_instance_f1,16,0.4,0.21618429085534346,172
pairwise_semantic_dice_disagreement,one_minus_instance_f1,17,0.425,0.22503619531483307,047
pairwise_semantic_dice_disagreement,one_minus_instance_f1,18,0.45,0.24957122150104605,008
pairwise_semantic_dice_disagreement,one_minus_instance_f1,19,0.475,0.2656756601354939,417
pairwise_semantic_dice_disagreement,one_minus_instance_f1,20,0.5,0.25572521046205254,060
pairwise_semantic_dice_disagreement,one_minus_instance_f1,21,0.525,0.25035054057610445,074
pairwise_semantic_dice_disagreement,one_minus_instance_f1,22,0.55,0.24585802289151568,056
pairwise_semantic_dice_disagreement,one_minus_instance_f1,23,0.575,0.2544922151329474,154
pairwise_semantic_dice_disagreement,one_minus_instance_f1,24,0.6,0.2707402246875931,031
pairwise_semantic_dice_disagreement,one_minus_instance_f1,25,0.625,0.2599106157000894,340
pairwise_semantic_dice_disagreement,one_minus_instance_f1,26,0.65,0.2670080706517953,004
pairwise_semantic_dice_disagreement,one_minus_instance_f1,27,0.675,0.2694645618622227,104
pairwise_semantic_dice_disagreement,one_minus_instance_f1,28,0.7,0.2598408275100004,380
pairwise_semantic_dice_disagreement,one_minus_instance_f1,29,0.725,0.2525228350999676,151
pairwise_semantic_dice_disagreement,one_minus_instance_f1,30,0.75,0.25077207392996864,317
pairwise_semantic_dice_disagreement,one_minus_instance_f1,31,0.775,0.2534353403623352,355
pairwise_semantic_dice_disagreement,one_minus_instance_f1,32,0.8,0.2517654859760123,327
pairwise_semantic_dice_disagreement,one_minus_instance_f1,33,0.825,0.24413622882522404,357
pairwise_semantic_dice_disagreement,one_minus_instance_f1,34,0.85,0.24458102383798977,076
pairwise_semantic_dice_disagreement,one_minus_instance_f1,35,0.875,0.2504501374426186,193
pairwise_semantic_dice_disagreement,one_minus_instance_f1,36,0.9,0.24349318918032367,254
pairwise_semantic_dice_disagreement,one_minus_instance_f1,37,0.925,0.24532070058385846,177
pairwise_semantic_dice_disagreement,one_minus_instance_f1,38,0.95,0.25014308816247877,336
pairwise_semantic_dice_disagreement,one_minus_instance_f1,39,0.975,0.2528977719935885,030
pairwise_semantic_dice_disagreement,one_minus_instance_f1,40,1.0,0.2632419943604154,036
pairwise_semantic_dice_disagreement,normalized_merge_split_error,1,0.025,1.0,305
pairwise_semantic_dice_disagreement,normalized_merge_split_error,2,0.05,1.3333333333333335,262
pairwise_semantic_dice_disagreement,normalized_merge_split_error,3,0.075,1.4722222222222223,268
pairwise_semantic_dice_disagreement,normalized_merge_split_error,4,0.1,1.4791666666666667,255
pairwise_semantic_dice_disagreement,normalized_merge_split_error,5,0.125,1.1833333333333333,292
pairwise_semantic_dice_disagreement,normalized_merge_split_error,6,0.15,1.152777777777778,293
pairwise_semantic_dice_disagreement,normalized_merge_split_error,7,0.175,1.130952380952381,365
pairwise_semantic_dice_disagreement,normalized_merge_split_error,8,0.2,1.1145833333333335,259
pairwise_semantic_dice_disagreement,normalized_merge_split_error,9,0.225,0.9907407407407409,342
pairwise_semantic_dice_disagreement,normalized_merge_split_error,10,0.25,1.0041666666666669,415
pairwise_semantic_dice_disagreement,normalized_merge_split_error,11,0.275,0.9977272727272729,046
pairwise_semantic_dice_disagreement,normalized_merge_split_error,12,0.3,0.9502976190476192,053
pairwise_semantic_dice_disagreement,normalized_merge_split_error,13,0.325,0.9079670329670331,167
pairwise_semantic_dice_disagreement,normalized_merge_split_error,14,0.35,0.9145408163265307,339
pairwise_semantic_dice_disagreement,normalized_merge_split_error,15,0.375,0.8535714285714288,112
pairwise_semantic_dice_disagreement,normalized_merge_split_error,16,0.4,0.8071676587301588,172
pairwise_semantic_dice_disagreement,normalized_merge_split_error,17,0.425,0.7596872082166201,047
pairwise_semantic_dice_disagreement,normalized_merge_split_error,18,0.45,0.7174823633156967,008
pairwise_semantic_dice_disagreement,normalized_merge_split_error,19,0.475,0.7248329156223894,417
pairwise_semantic_dice_disagreement,normalized_merge_split_error,20,0.5,0.7219246031746033,060
pairwise_semantic_dice_disagreement,normalized_merge_split_error,21,0.525,0.7192932728647015,074
pairwise_semantic_dice_disagreement,normalized_merge_split_error,22,0.55,0.7047799422799423,056
pairwise_semantic_dice_disagreement,normalized_merge_split_error,23,0.575,0.6741373360938578,154
pairwise_semantic_dice_disagreement,normalized_merge_split_error,24,0.6,0.6460482804232804,031
pairwise_semantic_dice_disagreement,normalized_merge_split_error,25,0.625,0.6602063492063494,340
pairwise_semantic_dice_disagreement,normalized_merge_split_error,26,0.65,0.658852258852259,004
pairwise_semantic_dice_disagreement,normalized_merge_split_error,27,0.675,0.6344503233392124,104
pairwise_semantic_dice_disagreement,normalized_merge_split_error,28,0.7,0.6356009070294786,380
pairwise_semantic_dice_disagreement,normalized_merge_split_error,29,0.725,0.6251778872468529,151
pairwise_semantic_dice_disagreement,normalized_merge_split_error,30,0.75,0.6376719576719577,317
pairwise_semantic_dice_disagreement,normalized_merge_split_error,31,0.775,0.633230926779314,355
pairwise_semantic_dice_disagreement,normalized_merge_split_error,32,0.8,0.6446924603174604,327
pairwise_semantic_dice_disagreement,normalized_merge_split_error,33,0.825,0.6554593554593555,357
pairwise_semantic_dice_disagreement,normalized_merge_split_error,34,0.85,0.6415287327052034,076
pairwise_semantic_dice_disagreement,normalized_merge_split_error,35,0.875,0.6374850546279119,193
pairwise_semantic_dice_disagreement,normalized_merge_split_error,36,0.9,0.6475549142215811,254
pairwise_semantic_dice_disagreement,normalized_merge_split_error,37,0.925,0.6377754377754379,177
pairwise_semantic_dice_disagreement,normalized_merge_split_error,38,0.95,0.6420445052024001,336
pairwise_semantic_dice_disagreement,normalized_merge_split_error,39,0.975,0.6376481905893672,030
pairwise_semantic_dice_disagreement,normalized_merge_split_error,40,1.0,0.6217069858246329,036
pairwise_semantic_dice_disagreement,one_minus_binary_dice,1,0.025,0.012410079589951328,305
pairwise_semantic_dice_disagreement,one_minus_binary_dice,2,0.05,0.01978711549133455,262
pairwise_semantic_dice_disagreement,one_minus_binary_dice,3,0.075,0.021974614026347854,268
pairwise_semantic_dice_disagreement,one_minus_binary_dice,4,0.1,0.026977302388733276,255
pairwise_semantic_dice_disagreement,one_minus_binary_dice,5,0.125,0.0934919178235635,292
pairwise_semantic_dice_disagreement,one_minus_binary_dice,6,0.15,0.09786841197374542,293
pairwise_semantic_dice_disagreement,one_minus_binary_dice,7,0.175,0.13597836712088132,365
pairwise_semantic_dice_disagreement,one_minus_binary_dice,8,0.2,0.1851452505582604,259
pairwise_semantic_dice_disagreement,one_minus_binary_dice,9,0.225,0.2232173928248833,342
pairwise_semantic_dice_disagreement,one_minus_binary_dice,10,0.25,0.23555202487955107,415
pairwise_semantic_dice_disagreement,one_minus_binary_dice,11,0.275,0.23268580823964122,046
pairwise_semantic_dice_disagreement,one_minus_binary_dice,12,0.3,0.22971302636927068,053
pairwise_semantic_dice_disagreement,one_minus_binary_dice,13,0.325,0.23246841281834357,167
pairwise_semantic_dice_disagreement,one_minus_binary_dice,14,0.35,0.2480441431396904,339
pairwise_semantic_dice_disagreement,one_minus_binary_dice,15,0.375,0.2478552454506759,112
pairwise_semantic_dice_disagreement,one_minus_binary_dice,16,0.4,0.24237583269699772,172
pairwise_semantic_dice_disagreement,one_minus_binary_dice,17,0.425,0.24090161953746314,047
pairwise_semantic_dice_disagreement,one_minus_binary_dice,18,0.45,0.23923512726714208,008
pairwise_semantic_dice_disagreement,one_minus_binary_dice,19,0.475,0.22752874553635372,417
pairwise_semantic_dice_disagreement,one_minus_binary_dice,20,0.5,0.22526946904392062,060
pairwise_semantic_dice_disagreement,one_minus_binary_dice,21,0.525,0.22557629569062412,074
pairwise_semantic_dice_disagreement,one_minus_binary_dice,22,0.55,0.225948655853451,056
pairwise_semantic_dice_disagreement,one_minus_binary_dice,23,0.575,0.23092638751150327,154
pairwise_semantic_dice_disagreement,one_minus_binary_dice,24,0.6,0.23257507903520228,031
pairwise_semantic_dice_disagreement,one_minus_binary_dice,25,0.625,0.23103528897437525,340
pairwise_semantic_dice_disagreement,one_minus_binary_dice,26,0.65,0.23168782680347852,004
pairwise_semantic_dice_disagreement,one_minus_binary_dice,27,0.675,0.23273704955309243,104
pairwise_semantic_dice_disagreement,one_minus_binary_dice,28,0.7,0.23832548878154783,380
pairwise_semantic_dice_disagreement,one_minus_binary_dice,29,0.725,0.23567672178961152,151
pairwise_semantic_dice_disagreement,one_minus_binary_dice,30,0.75,0.2281348239096315,317
pairwise_semantic_dice_disagreement,one_minus_binary_dice,31,0.775,0.2212872307432573,355
pairwise_semantic_dice_disagreement,one_minus_binary_dice,32,0.8,0.22947097880144296,327
pairwise_semantic_dice_disagreement,one_minus_binary_dice,33,0.825,0.22323406095203896,357
pairwise_semantic_dice_disagreement,one_minus_binary_dice,34,0.85,0.2239040985652117,076
pairwise_semantic_dice_disagreement,one_minus_binary_dice,35,0.875,0.2236654439560494,193
pairwise_semantic_dice_disagreement,one_minus_binary_dice,36,0.9,0.22916118844660563,254
pairwise_semantic_dice_disagreement,one_minus_binary_dice,37,0.925,0.2285317998771307,177
pairwise_semantic_dice_disagreement,one_minus_binary_dice,38,0.95,0.23549226337405665,336
pairwise_semantic_dice_disagreement,one_minus_binary_dice,39,0.975,0.23534858624276395,030
pairwise_semantic_dice_disagreement,one_minus_binary_dice,40,1.0,0.23609104579206308,036
foreground_jaccard_disagreement,one_minus_instance_f1,1,0.025,0.0,305
foreground_jaccard_disagreement,one_minus_instance_f1,2,0.05,0.0,262
foreground_jaccard_disagreement,one_minus_instance_f1,3,0.075,0.0,268
foreground_jaccard_disagreement,one_minus_instance_f1,4,0.1,0.035714285714285726,255
foreground_jaccard_disagreement,one_minus_instance_f1,5,0.125,0.02857142857142858,292
foreground_jaccard_disagreement,one_minus_instance_f1,6,0.15,0.05714285714285714,293
foreground_jaccard_disagreement,one_minus_instance_f1,7,0.175,0.09659863945578231,365
foreground_jaccard_disagreement,one_minus_instance_f1,8,0.2,0.08452380952380953,259
foreground_jaccard_disagreement,one_minus_instance_f1,9,0.225,0.11216931216931217,342
foreground_jaccard_disagreement,one_minus_instance_f1,10,0.25,0.11523809523809522,415
foreground_jaccard_disagreement,one_minus_instance_f1,11,0.275,0.1260271891850839,046
foreground_jaccard_disagreement,one_minus_instance_f1,12,0.3,0.18176423965897648,167
foreground_jaccard_disagreement,one_minus_instance_f1,13,0.325,0.17632938361683298,053
foreground_jaccard_disagreement,one_minus_instance_f1,14,0.35,0.16373442764420207,339
foreground_jaccard_disagreement,one_minus_instance_f1,15,0.375,0.20467065098644044,112
foreground_jaccard_disagreement,one_minus_instance_f1,16,0.4,0.21618429085534346,172
foreground_jaccard_disagreement,one_minus_instance_f1,17,0.425,0.22503619531483307,047
foreground_jaccard_disagreement,one_minus_instance_f1,18,0.45,0.2433983819948732,417
foreground_jaccard_disagreement,one_minus_instance_f1,19,0.475,0.26567566013549393,008
foreground_jaccard_disagreement,one_minus_instance_f1,20,0.5,0.25572521046205254,060
foreground_jaccard_disagreement,one_minus_instance_f1,21,0.525,0.25035054057610445,074
foreground_jaccard_disagreement,one_minus_instance_f1,22,0.55,0.2389709705499179,340
foreground_jaccard_disagreement,one_minus_instance_f1,23,0.575,0.23516854363536283,056
foreground_jaccard_disagreement,one_minus_instance_f1,24,0.6,0.2253698543172227,380
foreground_jaccard_disagreement,one_minus_instance_f1,25,0.625,0.2243550601445338,317
foreground_jaccard_disagreement,one_minus_instance_f1,26,0.65,0.22854653219025686,355
foreground_jaccard_disagreement,one_minus_instance_f1,27,0.675,0.23654275116263418,154
foreground_jaccard_disagreement,one_minus_instance_f1,28,0.7,0.22809479576396868,357
foreground_jaccard_disagreement,one_minus_instance_f1,29,0.725,0.23555512847708854,004
foreground_jaccard_disagreement,one_minus_instance_f1,30,0.75,0.2491847723426671,031
foreground_jaccard_disagreement,one_minus_instance_f1,31,0.775,0.25566268291225847,193
foreground_jaccard_disagreement,one_minus_instance_f1,32,0.8,0.25808989073791705,104
foreground_jaccard_disagreement,one_minus_instance_f1,33,0.825,0.2517119864009816,151
foreground_jaccard_disagreement,one_minus_instance_f1,34,0.85,0.25019104562448213,327
foreground_jaccard_disagreement,one_minus_instance_f1,35,0.875,0.2504501374426186,076
foreground_jaccard_disagreement,one_minus_instance_f1,36,0.9,0.24349318918032367,254
foreground_jaccard_disagreement,one_minus_instance_f1,37,0.925,0.24532070058385846,177
foreground_jaccard_disagreement,one_minus_instance_f1,38,0.95,0.24827478103101372,030
foreground_jaccard_disagreement,one_minus_instance_f1,39,0.975,0.2528977719935885,336
foreground_jaccard_disagreement,one_minus_instance_f1,40,1.0,0.2632419943604154,036
foreground_jaccard_disagreement,normalized_merge_split_error,1,0.025,1.0,305
foreground_jaccard_disagreement,normalized_merge_split_error,2,0.05,1.3333333333333335,262
foreground_jaccard_disagreement,normalized_merge_split_error,3,0.075,1.4722222222222223,268
foreground_jaccard_disagreement,normalized_merge_split_error,4,0.1,1.4791666666666667,255
foreground_jaccard_disagreement,normalized_merge_split_error,5,0.125,1.1833333333333333,292
foreground_jaccard_disagreement,normalized_merge_split_error,6,0.15,1.152777777777778,293
foreground_jaccard_disagreement,normalized_merge_split_error,7,0.175,1.130952380952381,365
foreground_jaccard_disagreement,normalized_merge_split_error,8,0.2,1.1145833333333335,259
foreground_jaccard_disagreement,normalized_merge_split_error,9,0.225,0.9907407407407409,342
foreground_jaccard_disagreement,normalized_merge_split_error,10,0.25,1.0041666666666669,415
foreground_jaccard_disagreement,normalized_merge_split_error,11,0.275,0.9977272727272729,046
foreground_jaccard_disagreement,normalized_merge_split_error,12,0.3,0.9479166666666669,167
foreground_jaccard_disagreement,normalized_merge_split_error,13,0.325,0.9079670329670331,053
foreground_jaccard_disagreement,normalized_merge_split_error,14,0.35,0.9145408163265307,339
foreground_jaccard_disagreement,normalized_merge_split_error,15,0.375,0.8535714285714288,112
foreground_jaccard_disagreement,normalized_merge_split_error,16,0.4,0.8071676587301588,172
foreground_jaccard_disagreement,normalized_merge_split_error,17,0.425,0.7596872082166201,047
foreground_jaccard_disagreement,normalized_merge_split_error,18,0.45,0.7651014109347444,417
foreground_jaccard_disagreement,normalized_merge_split_error,19,0.475,0.7248329156223894,008
foreground_jaccard_disagreement,normalized_merge_split_error,20,0.5,0.7219246031746033,060
foreground_jaccard_disagreement,normalized_merge_split_error,21,0.525,0.7192932728647015,074
foreground_jaccard_disagreement,normalized_merge_split_error,22,0.55,0.7320526695526696,340
foreground_jaccard_disagreement,normalized_merge_split_error,23,0.575,0.717615596963423,056
foreground_jaccard_disagreement,normalized_merge_split_error,24,0.6,0.7154927248677249,380
foreground_jaccard_disagreement,normalized_merge_split_error,25,0.625,0.7268730158730159,317
foreground_jaccard_disagreement,normalized_merge_split_error,26,0.65,0.7181471306471306,355
foreground_jaccard_disagreement,normalized_merge_split_error,27,0.675,0.691549088771311,154
foreground_jaccard_disagreement,normalized_merge_split_error,28,0.7,0.7025651927437642,357
foreground_jaccard_disagreement,normalized_merge_split_error,29,0.725,0.6998905309250137,004
foreground_jaccard_disagreement,normalized_merge_split_error,30,0.75,0.6765608465608466,031
foreground_jaccard_disagreement,normalized_merge_split_error,31,0.775,0.6708653353814644,193
foreground_jaccard_disagreement,normalized_merge_split_error,32,0.8,0.6499007936507937,104
foreground_jaccard_disagreement,normalized_merge_split_error,33,0.825,0.6403078403078403,151
foreground_jaccard_disagreement,normalized_merge_split_error,34,0.85,0.6508870214752568,327
foreground_jaccard_disagreement,normalized_merge_split_error,35,0.875,0.6374850546279118,076
foreground_jaccard_disagreement,normalized_merge_split_error,36,0.9,0.647554914221581,254
foreground_jaccard_disagreement,normalized_merge_split_error,37,0.925,0.6377754377754378,177
foreground_jaccard_disagreement,normalized_merge_split_error,38,0.95,0.6333757745522451,030
foreground_jaccard_disagreement,normalized_merge_split_error,39,0.975,0.6376481905893671,336
foreground_jaccard_disagreement,normalized_merge_split_error,40,1.0,0.6217069858246329,036
foreground_jaccard_disagreement,one_minus_binary_dice,1,0.025,0.012410079589951328,305
foreground_jaccard_disagreement,one_minus_binary_dice,2,0.05,0.01978711549133455,262
foreground_jaccard_disagreement,one_minus_binary_dice,3,0.075,0.021974614026347854,268
foreground_jaccard_disagreement,one_minus_binary_dice,4,0.1,0.026977302388733276,255
foreground_jaccard_disagreement,one_minus_binary_dice,5,0.125,0.0934919178235635,292
foreground_jaccard_disagreement,one_minus_binary_dice,6,0.15,0.09786841197374542,293
foreground_jaccard_disagreement,one_minus_binary_dice,7,0.175,0.13597836712088132,365
foreground_jaccard_disagreement,one_minus_binary_dice,8,0.2,0.1851452505582604,259
foreground_jaccard_disagreement,one_minus_binary_dice,9,0.225,0.2232173928248833,342
foreground_jaccard_disagreement,one_minus_binary_dice,10,0.25,0.23555202487955107,415
foreground_jaccard_disagreement,one_minus_binary_dice,11,0.275,0.23268580823964122,046
foreground_jaccard_disagreement,one_minus_binary_dice,12,0.3,0.235423078403606,167
foreground_jaccard_disagreement,one_minus_binary_dice,13,0.325,0.23246841281834357,053
foreground_jaccard_disagreement,one_minus_binary_dice,14,0.35,0.2480441431396904,339
foreground_jaccard_disagreement,one_minus_binary_dice,15,0.375,0.2478552454506759,112
foreground_jaccard_disagreement,one_minus_binary_dice,16,0.4,0.24237583269699772,172
foreground_jaccard_disagreement,one_minus_binary_dice,17,0.425,0.24090161953746314,047
foreground_jaccard_disagreement,one_minus_binary_dice,18,0.45,0.22845230036216868,417
foreground_jaccard_disagreement,one_minus_binary_dice,19,0.475,0.22752874553635366,008
foreground_jaccard_disagreement,one_minus_binary_dice,20,0.5,0.2252694690439206,060
foreground_jaccard_disagreement,one_minus_binary_dice,21,0.525,0.22557629569062407,074
foreground_jaccard_disagreement,one_minus_binary_dice,22,0.55,0.2241446607735287,340
foreground_jaccard_disagreement,one_minus_binary_dice,23,0.575,0.22456307636045422,056
foreground_jaccard_disagreement,one_minus_binary_dice,24,0.6,0.23142350434334547,380
foreground_jaccard_disagreement,one_minus_binary_dice,25,0.625,0.2225433555852201,317
foreground_jaccard_disagreement,one_minus_binary_dice,26,0.65,0.21459397405317435,355
foreground_jaccard_disagreement,one_minus_binary_dice,27,0.675,0.21925480775448836,154
foreground_jaccard_disagreement,one_minus_binary_dice,28,0.7,0.2122690178265106,357
foreground_jaccard_disagreement,one_minus_binary_dice,29,0.725,0.21350116454046056,004
foreground_jaccard_disagreement,one_minus_binary_dice,30,0.75,0.2154009585251212,031
foreground_jaccard_disagreement,one_minus_binary_dice,31,0.775,0.21540580461284412,193
foreground_jaccard_disagreement,one_minus_binary_dice,32,0.8,0.21679989950128817,104
foreground_jaccard_disagreement,one_minus_binary_dice,33,0.825,0.21512448575929138,151
foreground_jaccard_disagreement,one_minus_binary_dice,34,0.85,0.22300809407828867,327
foreground_jaccard_disagreement,one_minus_binary_dice,35,0.875,0.22366544395604937,076
foreground_jaccard_disagreement,one_minus_binary_dice,36,0.9,0.22916118844660557,254
foreground_jaccard_disagreement,one_minus_binary_dice,37,0.925,0.22853179987713065,177
foreground_jaccard_disagreement,one_minus_binary_dice,38,0.95,0.22856751186072302,030
foreground_jaccard_disagreement,one_minus_binary_dice,39,0.975,0.2353485862427639,336
foreground_jaccard_disagreement,one_minus_binary_dice,40,1.0,0.23609104579206303,036
union_foreground_nvi,one_minus_instance_f1,1,0.025,0.0,305
union_foreground_nvi,one_minus_instance_f1,2,0.05,0.0,292
union_foreground_nvi,one_minus_instance_f1,3,0.075,0.06666666666666665,317
union_foreground_nvi,one_minus_instance_f1,4,0.1,0.04999999999999999,340
union_foreground_nvi,one_minus_instance_f1,5,0.125,0.039999999999999994,268
union_foreground_nvi,one_minus_instance_f1,6,0.15,0.08888888888888889,355
union_foreground_nvi,one_minus_instance_f1,7,0.175,0.07619047619047618,254
union_foreground_nvi,one_minus_instance_f1,8,0.2,0.10555555555555557,177
union_foreground_nvi,one_minus_instance_f1,9,0.225,0.09382716049382717,357
union_foreground_nvi,one_minus_instance_f1,10,0.25,0.16393162393162392,167
union_foreground_nvi,one_minus_instance_f1,11,0.275,0.14902874902874902,380
union_foreground_nvi,one_minus_instance_f1,12,0.3,0.18290598290598292,417
union_foreground_nvi,one_minus_instance_f1,13,0.325,0.20345167652859963,193
union_foreground_nvi,one_minus_instance_f1,14,0.35,0.19232077446363163,151
union_foreground_nvi,one_minus_instance_f1,15,0.375,0.20542531542531545,172
union_foreground_nvi,one_minus_instance_f1,16,0.4,0.220364010989011,004
union_foreground_nvi,one_minus_instance_f1,17,0.425,0.2191661279896574,327
union_foreground_nvi,one_minus_instance_f1,18,0.45,0.2181013431013431,293
union_foreground_nvi,one_minus_instance_f1,19,0.475,0.24755799755799757,112
union_foreground_nvi,one_minus_instance_f1,20,0.5,0.26851343101343106,008
union_foreground_nvi,one_minus_instance_f1,21,0.525,0.2589016803302518,060
union_foreground_nvi,one_minus_instance_f1,22,0.55,0.25218392718392724,053
union_foreground_nvi,one_minus_instance_f1,23,0.575,0.2524915503176373,076
union_foreground_nvi,one_minus_instance_f1,24,0.6,0.24197106905440244,339
union_foreground_nvi,one_minus_instance_f1,25,0.625,0.24562555962555965,365
union_foreground_nvi,one_minus_instance_f1,26,0.65,0.23617842271688427,259
union_foreground_nvi,one_minus_instance_f1,27,0.675,0.23977675273971572,104
union_foreground_nvi,one_minus_instance_f1,28,0.7,0.2550228210942497,036
union_foreground_nvi,one_minus_instance_f1,29,0.725,0.25429507307910215,046
union_foreground_nvi,one_minus_instance_f1,30,0.75,0.2580407928653543,047
union_foreground_nvi,one_minus_instance_f1,31,0.775,0.2612515981785931,030
union_foreground_nvi,one_minus_instance_f1,32,0.8,0.266976374624401,154
union_foreground_nvi,one_minus_instance_f1,33,0.825,0.2689871915549747,342
union_foreground_nvi,one_minus_instance_f1,34,0.85,0.2610758035680637,262
union_foreground_nvi,one_minus_instance_f1,35,0.875,0.27202919330738884,031
union_foreground_nvi,one_minus_instance_f1,36,0.9,0.26868158103538226,056
union_foreground_nvi,one_minus_instance_f1,37,0.925,0.2652809205440785,074
union_foreground_nvi,one_minus_instance_f1,38,0.95,0.262059242183896,255
union_foreground_nvi,one_minus_instance_f1,39,0.975,0.25900277809859457,415
union_foreground_nvi,one_minus_instance_f1,40,1.0,0.26324199436041545,336
union_foreground_nvi,normalized_merge_split_error,1,0.025,1.0,305
union_foreground_nvi,normalized_merge_split_error,2,0.05,0.5,292
union_foreground_nvi,normalized_merge_split_error,3,0.075,0.6666666666666666,317
union_foreground_nvi,normalized_merge_split_error,4,0.1,0.75,340
union_foreground_nvi,normalized_merge_split_error,5,0.125,0.95,268
union_foreground_nvi,normalized_merge_split_error,6,0.15,0.875,355
union_foreground_nvi,normalized_merge_split_error,7,0.175,0.8928571428571429,254
union_foreground_nvi,normalized_merge_split_error,8,0.2,0.8169642857142857,177
union_foreground_nvi,normalized_merge_split_error,9,0.225,0.8373015873015873,357
union_foreground_nvi,normalized_merge_split_error,10,0.25,0.7935714285714286,167
union_foreground_nvi,normalized_merge_split_error,11,0.275,0.7820346320346321,380
union_foreground_nvi,normalized_merge_split_error,12,0.3,0.7882936507936509,417
union_foreground_nvi,normalized_merge_split_error,13,0.325,0.7661172161172162,193
union_foreground_nvi,normalized_merge_split_error,14,0.35,0.7352040816326532,151
union_foreground_nvi,normalized_merge_split_error,15,0.375,0.6935978835978837,172
union_foreground_nvi,normalized_merge_split_error,16,0.4,0.689310515873016,004
union_foreground_nvi,normalized_merge_split_error,17,0.425,0.7075863678804856,327
union_foreground_nvi,normalized_merge_split_error,18,0.45,0.723831569664903,293
union_foreground_nvi,normalized_merge_split_error,19,0.475,0.6857351712614871,112
union_foreground_nvi,normalized_merge_split_error,20,0.5,0.6514484126984128,008
union_foreground_nvi,normalized_merge_split_error,21,0.525,0.6521730914588058,060
union_foreground_nvi,normalized_merge_split_error,22,0.55,0.6420093795093795,053
union_foreground_nvi,normalized_merge_split_error,23,0.575,0.622001066566284,076
union_foreground_nvi,normalized_merge_split_error,24,0.6,0.6377510221260222,339
union_foreground_nvi,normalized_merge_split_error,25,0.625,0.6522409812409813,365
union_foreground_nvi,normalized_merge_split_error,26,0.65,0.6656163281163282,259
union_foreground_nvi,normalized_merge_split_error,27,0.675,0.6409638715194271,104
union_foreground_nvi,normalized_merge_split_error,28,0.7,0.6180723046794476,036
union_foreground_nvi,normalized_merge_split_error,29,0.725,0.6289433746330299,046
union_foreground_nvi,normalized_merge_split_error,30,0.75,0.6079785954785956,047
union_foreground_nvi,normalized_merge_split_error,31,0.775,0.6035466483758705,030
union_foreground_nvi,normalized_merge_split_error,32,0.8,0.5846858156141245,154
union_foreground_nvi,normalized_merge_split_error,33,0.825,0.5669680636258176,342
union_foreground_nvi,normalized_merge_split_error,34,0.85,0.5993121401858427,262
union_foreground_nvi,normalized_merge_split_error,35,0.875,0.5821889361805329,031
union_foreground_nvi,normalized_merge_split_error,36,0.9,0.5771281323977403,056
union_foreground_nvi,normalized_merge_split_error,37,0.925,0.5795480927833869,074
union_foreground_nvi,normalized_merge_split_error,38,0.95,0.6037705113943505,255
union_foreground_nvi,normalized_merge_split_error,39,0.975,0.6171353700765466,415
union_foreground_nvi,normalized_merge_split_error,40,1.0,0.6217069858246329,336
union_foreground_nvi,one_minus_binary_dice,1,0.025,0.012410079589951328,305
union_foreground_nvi,one_minus_binary_dice,2,0.05,0.18598022957641785,292
union_foreground_nvi,one_minus_binary_dice,3,0.075,0.1271267481810154,317
union_foreground_nvi,one_minus_binary_dice,4,0.1,0.14386514301439302,340
union_foreground_nvi,one_minus_binary_dice,5,0.125,0.1203620366307893,268
union_foreground_nvi,one_minus_binary_dice,6,0.15,0.1029449364843296,355
union_foreground_nvi,one_minus_binary_dice,7,0.175,0.14845455207457864,254
union_foreground_nvi,one_minus_binary_dice,8,0.2,0.15563195948726055,177
union_foreground_nvi,one_minus_binary_dice,9,0.225,0.14096759618546612,357
union_foreground_nvi,one_minus_binary_dice,10,0.25,0.15342414158764134,167
union_foreground_nvi,one_minus_binary_dice,11,0.275,0.17485952398420523,380
union_foreground_nvi,one_minus_binary_dice,12,0.3,0.16168905318403504,417
union_foreground_nvi,one_minus_binary_dice,13,0.325,0.16583229426561172,193
union_foreground_nvi,one_minus_binary_dice,14,0.35,0.1655236479620248,151
union_foreground_nvi,one_minus_binary_dice,15,0.375,0.16516771419067813,172
union_foreground_nvi,one_minus_binary_dice,16,0.4,0.170344811586952,004
union_foreground_nvi,one_minus_binary_dice,17,0.425,0.18874612670567245,327
union_foreground_nvi,one_minus_binary_dice,18,0.45,0.1849130575956159,293
union_foreground_nvi,one_minus_binary_dice,19,0.475,0.18808661655397682,112
union_foreground_nvi,one_minus_binary_dice,20,0.5,0.18922752365986215,008
union_foreground_nvi,one_minus_binary_dice,21,0.525,0.18889969947071117,060
union_foreground_nvi,one_minus_binary_dice,22,0.55,0.1892684597581877,053
union_foreground_nvi,one_minus_binary_dice,23,0.575,0.19173571541217574,076
union_foreground_nvi,one_minus_binary_dice,24,0.6,0.20251875382488502,339
union_foreground_nvi,one_minus_binary_dice,25,0.625,0.2090035275920375,365
union_foreground_nvi,one_minus_binary_dice,26,0.65,0.22132313940080195,259
union_foreground_nvi,one_minus_binary_dice,27,0.675,0.2227562394616261,104
union_foreground_nvi,one_minus_binary_dice,28,0.7,0.2242666226313798,036
union_foreground_nvi,one_minus_binary_dice,29,0.725,0.2235685888110061,046
union_foreground_nvi,one_minus_binary_dice,30,0.75,0.22336010948346954,047
union_foreground_nvi,one_minus_binary_dice,31,0.775,0.22357071418573315,030
union_foreground_nvi,one_minus_binary_dice,32,0.8,0.2272227694920744,154
union_foreground_nvi,one_minus_binary_dice,33,0.825,0.2363310046880075,342
union_foreground_nvi,one_minus_binary_dice,34,0.85,0.23017903841461662,262
union_foreground_nvi,one_minus_binary_dice,35,0.875,0.23133092257649268,031
union_foreground_nvi,one_minus_binary_dice,36,0.9,0.23139862526250163,056
union_foreground_nvi,one_minus_binary_dice,37,0.925,0.23140711724526358,074
union_foreground_nvi,one_minus_binary_dice,38,0.95,0.22642233435659587,255
union_foreground_nvi,one_minus_binary_dice,39,0.975,0.22950288253646675,415
union_foreground_nvi,one_minus_binary_dice,40,1.0,0.236091045792063,336
fragment_count_variance,one_minus_instance_f1,1,0.025,0.6666666666666667,036
fragment_count_variance,one_minus_instance_f1,2,0.05,0.4502923976608188,046
fragment_count_variance,one_minus_instance_f1,3,0.075,0.42982456140350883,172
fragment_count_variance,one_minus_instance_f1,4,0.1,0.32236842105263164,262
fragment_count_variance,one_minus_instance_f1,5,0.125,0.2578947368421053,268
fragment_count_variance,one_minus_instance_f1,6,0.15,0.21491228070175442,305
fragment_count_variance,one_minus_instance_f1,7,0.175,0.26357560568086885,417
fragment_count_variance,one_minus_instance_f1,8,0.2,0.24451754385964916,053
fragment_count_variance,one_minus_instance_f1,9,0.225,0.24615551223738363,076
fragment_count_variance,one_minus_instance_f1,10,0.25,0.2548732943469786,104
fragment_count_variance,one_minus_instance_f1,11,0.275,0.30241006556796035,112
fragment_count_variance,one_minus_instance_f1,12,0.3,0.3031351526965563,177
fragment_count_variance,one_minus_instance_f1,13,0.325,0.2908060750166014,255
fragment_count_variance,one_minus_instance_f1,14,0.35,0.27003421251541554,259
fragment_count_variance,one_minus_instance_f1,15,0.375,0.25203193168105453,380
fragment_count_variance,one_minus_instance_f1,16,0.4,0.2640577137287664,004
fragment_count_variance,one_minus_instance_f1,17,0.425,0.24852490703883898,254
fragment_count_variance,one_minus_instance_f1,18,0.45,0.23471796775890347,292
fragment_count_variance,one_minus_instance_f1,19,0.475,0.22236439050843487,339
fragment_count_variance,one_minus_instance_f1,20,0.5,0.2279128376496798,365
fragment_count_variance,one_minus_instance_f1,21,0.525,0.22658365490445695,293
fragment_count_variance,one_minus_instance_f1,22,0.55,0.22537530695425437,317
fragment_count_variance,one_minus_instance_f1,23,0.575,0.21557638056493894,340
fragment_count_variance,one_minus_instance_f1,24,0.6,0.21290716268786447,056
fragment_count_variance,one_minus_instance_f1,25,0.625,0.23618574797522168,167
fragment_count_variance,one_minus_instance_f1,26,0.65,0.23259618623991096,415
fragment_count_variance,one_minus_instance_f1,27,0.675,0.2486728707001612,008
fragment_count_variance,one_minus_instance_f1,28,0.7,0.25288693484182206,047
fragment_count_variance,one_minus_instance_f1,29,0.725,0.2464655462840581,060
fragment_count_variance,one_minus_instance_f1,30,0.75,0.24491669474125616,327
fragment_count_variance,one_minus_instance_f1,31,0.775,0.24776884437325866,342
fragment_count_variance,one_minus_instance_f1,32,0.8,0.250442734653261,355
fragment_count_variance,one_minus_instance_f1,33,0.825,0.24285356087588947,357
fragment_count_variance,one_minus_instance_f1,34,0.85,0.23711136930951174,151
fragment_count_variance,one_minus_instance_f1,35,0.875,0.2430351714562241,154
fragment_count_variance,one_minus_instance_f1,36,0.9,0.24621685440398894,030
fragment_count_variance,one_minus_instance_f1,37,0.925,0.2517245069876649,193
fragment_count_variance,one_minus_instance_f1,38,0.95,0.25637837334513236,336
fragment_count_variance,one_minus_instance_f1,39,0.975,0.25346757256338903,074
fragment_count_variance,one_minus_instance_f1,40,1.0,0.2632419943604154,031
fragment_count_variance,normalized_merge_split_error,1,0.025,0.0,036
fragment_count_variance,normalized_merge_split_error,2,0.05,0.4666666666666667,046
fragment_count_variance,normalized_merge_split_error,3,0.075,0.34814814814814815,172
fragment_count_variance,normalized_merge_split_error,4,0.1,0.6777777777777778,262
fragment_count_variance,normalized_merge_split_error,5,0.125,0.8922222222222222,268
fragment_count_variance,normalized_merge_split_error,6,0.15,0.9101851851851852,305
fragment_count_variance,normalized_merge_split_error,7,0.175,0.9026077097505668,417
fragment_count_variance,normalized_merge_split_error,8,0.2,0.8433531746031746,053
fragment_count_variance,normalized_merge_split_error,9,0.225,0.7698492865159532,076
fragment_count_variance,normalized_merge_split_error,10,0.25,0.6928643578643578,104
fragment_count_variance,normalized_merge_split_error,11,0.275,0.6298766889675981,112
fragment_count_variance,normalized_merge_split_error,12,0.3,0.6011964886964887,177
fragment_count_variance,normalized_merge_split_error,13,0.325,0.6703352203352204,255
fragment_count_variance,normalized_merge_split_error,14,0.35,0.6938827045969903,259
fragment_count_variance,normalized_merge_split_error,15,0.375,0.692068302068302,380
fragment_count_variance,normalized_merge_split_error,16,0.4,0.6878765331890332,004
fragment_count_variance,normalized_merge_split_error,17,0.425,0.7062367371190901,254
fragment_count_variance,normalized_merge_split_error,18,0.45,0.6670013628346961,292
fragment_count_variance,normalized_merge_split_error,19,0.475,0.684527606896028,339
fragment_count_variance,normalized_merge_split_error,20,0.5,0.7003012265512265,365
fragment_count_variance,normalized_merge_split_error,21,0.525,0.7145725967154538,293
fragment_count_variance,normalized_merge_split_error,22,0.55,0.727546569592024,317
fragment_count_variance,normalized_merge_split_error,23,0.575,0.7393923709141099,340
fragment_count_variance,normalized_merge_split_error,24,0.6,0.725251022126022,056
fragment_count_variance,normalized_merge_split_error,25,0.625,0.712240981240981,167
fragment_count_variance,normalized_merge_split_error,26,0.65,0.728116328116328,415
fragment_count_variance,normalized_merge_split_error,27,0.675,0.7011490567046121,008
fragment_count_variance,normalized_merge_split_error,28,0.7,0.6761080189651617,047
fragment_count_variance,normalized_merge_split_error,29,0.725,0.6757824550927998,060
fragment_count_variance,normalized_merge_split_error,30,0.75,0.6865897065897065,327
fragment_count_variance,normalized_merge_split_error,31,0.775,0.6644416515384256,342
fragment_count_variance,normalized_merge_split_error,32,0.8,0.6593028499278498,355
fragment_count_variance,normalized_merge_split_error,33,0.825,0.6696270059906423,357
fragment_count_variance,normalized_merge_split_error,34,0.85,0.6597360156183685,151
fragment_count_variance,normalized_merge_split_error,35,0.875,0.6408864151721293,154
fragment_count_variance,normalized_merge_split_error,36,0.9,0.6361559101755179,030
fragment_count_variance,normalized_merge_split_error,37,0.925,0.6324760207113147,193
fragment_count_variance,normalized_merge_split_error,38,0.95,0.6368845464820696,336
fragment_count_variance,normalized_merge_split_error,39,0.975,0.637648190589367,074
fragment_count_variance,normalized_merge_split_error,40,1.0,0.6217069858246328,031
fragment_count_variance,one_minus_binary_dice,1,0.025,0.2650469682147294,036
fragment_count_variance,one_minus_binary_dice,2,0.05,0.23453530502763603,046
fragment_count_variance,one_minus_binary_dice,3,0.075,0.20975175048236575,172
fragment_count_variance,one_minus_binary_dice,4,0.1,0.16410485070995376,262
fragment_count_variance,one_minus_binary_dice,5,0.125,0.1365538027872379,268
fragment_count_variance,one_minus_binary_dice,6,0.15,0.11586318225435681,305
fragment_count_variance,one_minus_binary_dice,7,0.175,0.10171328112975768,417
fragment_count_variance,one_minus_binary_dice,8,0.2,0.11362567421293729,053
fragment_count_variance,one_minus_binary_dice,9,0.225,0.12833563705593456,076
fragment_count_variance,one_minus_binary_dice,10,0.25,0.1415037574546465,104
fragment_count_variance,one_minus_binary_dice,11,0.275,0.15093165930463073,112
fragment_count_variance,one_minus_binary_dice,12,0.3,0.15551017197724767,177
fragment_count_variance,one_minus_binary_dice,13,0.325,0.14677749470791243,255
fragment_count_variance,one_minus_binary_dice,14,0.35,0.17410149041591255,259
fragment_count_variance,one_minus_binary_dice,15,0.375,0.18844228091817464,380
fragment_count_variance,one_minus_binary_dice,16,0.4,0.19216471789397996,004
fragment_count_variance,one_minus_binary_dice,17,0.425,0.205655748936456,254
fragment_count_variance,one_minus_binary_dice,18,0.45,0.21420545063792423,292
fragment_count_variance,one_minus_binary_dice,19,0.475,0.22664351309472816,339
fragment_count_variance,one_minus_binary_dice,20,0.5,0.2335432423401766,365
fragment_count_variance,one_minus_binary_dice,21,0.525,0.2281245585489613,293
fragment_count_variance,one_minus_binary_dice,22,0.55,0.21818343249629077,317
fragment_count_variance,one_minus_binary_dice,23,0.575,0.2171354714101271,340
fragment_count_variance,one_minus_binary_dice,24,0.6,0.21782850257107245,056
fragment_count_variance,one_minus_binary_dice,25,0.625,0.21973668447651828,167
fragment_count_variance,one_minus_binary_dice,26,0.65,0.22461464712632764,415
fragment_count_variance,one_minus_binary_dice,27,0.675,0.22410687347985933,008
fragment_count_variance,one_minus_binary_dice,28,0.7,0.2238642783193254,047
fragment_count_variance,one_minus_binary_dice,29,0.725,0.22243251753892423,060
fragment_count_variance,one_minus_binary_dice,30,0.75,0.23112367257446678,327
fragment_count_variance,one_minus_binary_dice,31,0.775,0.24069370026425385,342
fragment_count_variance,one_minus_binary_dice,32,0.8,0.23366762949824688,355
fragment_count_variance,one_minus_binary_dice,33,0.825,0.22730354041560638,357
fragment_count_variance,one_minus_binary_dice,34,0.85,0.22536847293324722,151
fragment_count_variance,one_minus_binary_dice,35,0.875,0.22865613039197308,154
fragment_count_variance,one_minus_binary_dice,36,0.9,0.22869037274924164,030
fragment_count_variance,one_minus_binary_dice,37,0.925,0.22833525962749274,193
fragment_count_variance,one_minus_binary_dice,38,0.95,0.23530089523625125,336
fragment_count_variance,one_minus_binary_dice,39,0.975,0.2352088935282626,074
fragment_count_variance,one_minus_binary_dice,40,1.0,0.23609104579206303,031
hungarian_structural_disagreement,one_minus_instance_f1,1,0.025,0.0,305
hungarian_structural_disagreement,one_minus_instance_f1,2,0.05,0.0,268
hungarian_structural_disagreement,one_minus_instance_f1,3,0.075,0.12962962962962965,172
hungarian_structural_disagreement,one_minus_instance_f1,4,0.1,0.09722222222222224,259
hungarian_structural_disagreement,one_minus_instance_f1,5,0.125,0.07777777777777779,340
hungarian_structural_disagreement,one_minus_instance_f1,6,0.15,0.09814814814814815,317
hungarian_structural_disagreement,one_minus_instance_f1,7,0.175,0.1,053
hungarian_structural_disagreement,one_minus_instance_f1,8,0.2,0.08750000000000001,254
hungarian_structural_disagreement,one_minus_instance_f1,9,0.225,0.11481481481481483,355
hungarian_structural_disagreement,one_minus_instance_f1,10,0.25,0.10333333333333335,357
hungarian_structural_disagreement,one_minus_instance_f1,11,0.275,0.1,060
hungarian_structural_disagreement,one_minus_instance_f1,12,0.3,0.10357142857142858,415
hungarian_structural_disagreement,one_minus_instance_f1,13,0.325,0.15543345543345544,112
hungarian_structural_disagreement,one_minus_instance_f1,14,0.35,0.16103950352070653,046
hungarian_structural_disagreement,one_minus_instance_f1,15,0.375,0.15030353661932608,262
hungarian_structural_disagreement,one_minus_instance_f1,16,0.4,0.1409095655806182,292
hungarian_structural_disagreement,one_minus_instance_f1,17,0.425,0.15222861074254262,365
hungarian_structural_disagreement,one_minus_instance_f1,18,0.45,0.1879310098608344,167
hungarian_structural_disagreement,one_minus_instance_f1,19,0.475,0.17803990407868522,339
hungarian_structural_disagreement,one_minus_instance_f1,20,0.5,0.18580457554141766,104
hungarian_structural_disagreement,one_minus_instance_f1,21,0.525,0.18375945969930932,255
hungarian_structural_disagreement,one_minus_instance_f1,22,0.55,0.17540675698570435,380
hungarian_structural_disagreement,one_minus_instance_f1,23,0.575,0.17647602842110852,327
hungarian_structural_disagreement,one_minus_instance_f1,24,0.6,0.17992532970603148,076
hungarian_structural_disagreement,one_minus_instance_f1,25,0.625,0.17878892257839626,056
hungarian_structural_disagreement,one_minus_instance_f1,26,0.65,0.19669875034247505,031
hungarian_structural_disagreement,one_minus_instance_f1,27,0.675,0.20587451679069615,154
hungarian_structural_disagreement,one_minus_instance_f1,28,0.7,0.21836312531801255,417
hungarian_structural_disagreement,one_minus_instance_f1,29,0.725,0.21247539850080688,151
hungarian_structural_disagreement,one_minus_instance_f1,30,0.75,0.2101547899793514,074
hungarian_structural_disagreement,one_minus_instance_f1,31,0.775,0.21771252076854794,004
hungarian_structural_disagreement,one_minus_instance_f1,32,0.8,0.22132567116119747,342
hungarian_structural_disagreement,one_minus_instance_f1,33,0.825,0.2348208528431814,008
hungarian_structural_disagreement,one_minus_instance_f1,34,0.85,0.23869867089681332,047
hungarian_structural_disagreement,one_minus_instance_f1,35,0.875,0.240767597760079,177
hungarian_structural_disagreement,one_minus_instance_f1,36,0.9,0.23963516448896569,293
hungarian_structural_disagreement,one_minus_instance_f1,37,0.925,0.2511765564397143,036
hungarian_structural_disagreement,one_minus_instance_f1,38,0.95,0.25640875232287974,193
hungarian_structural_disagreement,one_minus_instance_f1,39,0.975,0.2608231799189964,336
hungarian_structural_disagreement,one_minus_instance_f1,40,1.0,0.2632419943604154,030
hungarian_structural_disagreement,normalized_merge_split_error,1,0.025,1.0,305
hungarian_structural_disagreement,normalized_merge_split_error,2,0.05,1.375,268
hungarian_structural_disagreement,normalized_merge_split_error,3,0.075,0.9537037037037037,172
hungarian_structural_disagreement,normalized_merge_split_error,4,0.1,0.9652777777777778,259
hungarian_structural_disagreement,normalized_merge_split_error,5,0.125,0.9722222222222221,340
hungarian_structural_disagreement,normalized_merge_split_error,6,0.15,0.9768518518518517,317
hungarian_structural_disagreement,normalized_merge_split_error,7,0.175,0.8985260770975056,053
hungarian_structural_disagreement,normalized_merge_split_error,8,0.2,0.9112103174603174,254
hungarian_structural_disagreement,normalized_merge_split_error,9,0.225,0.8655202821869489,355
hungarian_structural_disagreement,normalized_merge_split_error,10,0.25,0.878968253968254,357
hungarian_structural_disagreement,normalized_merge_split_error,11,0.275,0.8596681096681096,060
hungarian_structural_disagreement,normalized_merge_split_error,12,0.3,0.8817791005291005,415
hungarian_structural_disagreement,normalized_merge_split_error,13,0.325,0.813949938949939,112
hungarian_structural_disagreement,normalized_merge_split_error,14,0.35,0.8224773242630385,046
hungarian_structural_disagreement,normalized_merge_split_error,15,0.375,0.8787566137566137,262
hungarian_structural_disagreement,normalized_merge_split_error,16,0.4,0.8238343253968253,292
hungarian_structural_disagreement,normalized_merge_split_error,17,0.425,0.8341970121381885,365
hungarian_structural_disagreement,normalized_merge_split_error,18,0.45,0.8100749559082892,167
hungarian_structural_disagreement,normalized_merge_split_error,19,0.475,0.8200710108604845,339
hungarian_structural_disagreement,normalized_merge_split_error,20,0.5,0.7790674603174603,104
hungarian_structural_disagreement,normalized_merge_split_error,21,0.525,0.8133975812547241,255
hungarian_structural_disagreement,normalized_merge_split_error,22,0.55,0.8067279942279942,380
hungarian_structural_disagreement,normalized_merge_split_error,23,0.575,0.8151311249137336,327
hungarian_structural_disagreement,normalized_merge_split_error,24,0.6,0.7887430856180857,076
hungarian_structural_disagreement,normalized_merge_split_error,25,0.625,0.7731933621933622,056
hungarian_structural_disagreement,normalized_merge_split_error,26,0.65,0.743455155955156,031
hungarian_structural_disagreement,normalized_merge_split_error,27,0.675,0.7159197798086687,154
hungarian_structural_disagreement,normalized_merge_split_error,28,0.7,0.7209634611420326,417
hungarian_structural_disagreement,normalized_merge_split_error,29,0.725,0.7075969050106982,151
hungarian_structural_disagreement,normalized_merge_split_error,30,0.75,0.7062325637325638,074
hungarian_structural_disagreement,normalized_merge_split_error,31,0.775,0.7036121584508682,004
hungarian_structural_disagreement,normalized_merge_split_error,32,0.8,0.6816242784992785,342
hungarian_structural_disagreement,normalized_merge_split_error,33,0.825,0.6609689973326337,008
hungarian_structural_disagreement,normalized_merge_split_error,34,0.85,0.6415287327052033,047
hungarian_structural_disagreement,normalized_merge_split_error,35,0.875,0.6313626056483199,177
hungarian_structural_disagreement,normalized_merge_split_error,36,0.9,0.6416025332691999,293
hungarian_structural_disagreement,normalized_merge_split_error,37,0.925,0.6242619242619243,036
hungarian_structural_disagreement,normalized_merge_split_error,38,0.95,0.6209918736234525,193
hungarian_structural_disagreement,normalized_merge_split_error,39,0.975,0.6255818255818256,336
hungarian_structural_disagreement,normalized_merge_split_error,40,1.0,0.6217069858246329,030
hungarian_structural_disagreement,one_minus_binary_dice,1,0.025,0.012410079589951328,305
hungarian_structural_disagreement,one_minus_binary_dice,2,0.05,0.019379845343162894,268
hungarian_structural_disagreement,one_minus_binary_dice,3,0.075,0.06631477735938367,172
hungarian_structural_disagreement,one_minus_binary_dice,4,0.1,0.18206444167451621,259
hungarian_structural_disagreement,one_minus_binary_dice,5,0.125,0.18446761884251814,340
hungarian_structural_disagreement,one_minus_binary_dice,6,0.15,0.1552929799338002,317
hungarian_structural_disagreement,one_minus_binary_dice,7,0.175,0.16125290077114224,053
hungarian_structural_disagreement,one_minus_binary_dice,8,0.2,0.19378531887675854,254
hungarian_structural_disagreement,one_minus_binary_dice,9,0.225,0.17401577630734438,355
hungarian_structural_disagreement,one_minus_binary_dice,10,0.25,0.158979467653721,357
hungarian_structural_disagreement,one_minus_binary_dice,11,0.275,0.16110344474771834,060
hungarian_structural_disagreement,one_minus_binary_dice,12,0.3,0.17655846713303858,415
hungarian_structural_disagreement,one_minus_binary_dice,13,0.325,0.18183940641545662,112
hungarian_structural_disagreement,one_minus_binary_dice,14,0.35,0.18342399466010564,046
hungarian_structural_disagreement,one_minus_binary_dice,15,0.375,0.1730066717756131,262
hungarian_structural_disagreement,one_minus_binary_dice,16,0.4,0.18466565351231756,292
hungarian_structural_disagreement,one_minus_binary_dice,17,0.425,0.19525226789416342,365
hungarian_structural_disagreement,one_minus_binary_dice,18,0.45,0.19915675580044423,167
hungarian_structural_disagreement,one_minus_binary_dice,19,0.475,0.21238685482764189,339
hungarian_structural_disagreement,one_minus_binary_dice,20,0.5,0.2147683541384125,104
hungarian_structural_disagreement,one_minus_binary_dice,21,0.525,0.20654059286876852,255
hungarian_structural_disagreement,one_minus_binary_dice,22,0.55,0.2148438999179083,380
hungarian_structural_disagreement,one_minus_binary_dice,23,0.575,0.22651012899126877,327
hungarian_structural_disagreement,one_minus_binary_dice,24,0.6,0.2273228461082956,076
hungarian_structural_disagreement,one_minus_binary_dice,25,0.625,0.2275806610348764,056
hungarian_structural_disagreement,one_minus_binary_dice,26,0.65,0.22923121192123805,031
hungarian_structural_disagreement,one_minus_binary_dice,27,0.675,0.2333499257015127,154
hungarian_structural_disagreement,one_minus_binary_dice,28,0.7,0.2256164952972502,417
hungarian_structural_disagreement,one_minus_binary_dice,29,0.725,0.22340596945994484,151
hungarian_structural_disagreement,one_minus_binary_dice,30,0.75,0.22368286476543647,074
hungarian_structural_disagreement,one_minus_binary_dice,31,0.775,0.2244673295320695,004
hungarian_structural_disagreement,one_minus_binary_dice,32,0.8,0.23394630457662563,342
hungarian_structural_disagreement,one_minus_binary_dice,33,0.825,0.2332480759128395,008
hungarian_structural_disagreement,one_minus_binary_dice,34,0.85,0.23277943276790036,047
hungarian_structural_disagreement,one_minus_binary_dice,35,0.875,0.23201070072813273,177
hungarian_structural_disagreement,one_minus_binary_dice,36,0.9,0.2288923724502584,293
hungarian_structural_disagreement,one_minus_binary_dice,37,0.925,0.22986952368713598,036
hungarian_structural_disagreement,one_minus_binary_dice,38,0.95,0.22949272535969906,193
hungarian_structural_disagreement,one_minus_binary_dice,39,0.975,0.23625007631868924,336
hungarian_structural_disagreement,one_minus_binary_dice,40,1.0,0.23609104579206303,030
fa_ipd,one_minus_instance_f1,1,0.025,0.0,305
fa_ipd,one_minus_instance_f1,2,0.05,0.0,268
fa_ipd,one_minus_instance_f1,3,0.075,0.0,292
fa_ipd,one_minus_instance_f1,4,0.1,0.0,262
fa_ipd,one_minus_instance_f1,5,0.125,0.02857142857142858,255
fa_ipd,one_minus_instance_f1,6,0.15,0.05714285714285714,293
fa_ipd,one_minus_instance_f1,7,0.175,0.09659863945578231,365
fa_ipd,one_minus_instance_f1,8,0.2,0.08452380952380953,259
fa_ipd,one_minus_instance_f1,9,0.225,0.11216931216931217,342
fa_ipd,one_minus_instance_f1,10,0.25,0.11523809523809522,415
fa_ipd,one_minus_instance_f1,11,0.275,0.177022977022977,167
fa_ipd,one_minus_instance_f1,12,0.3,0.18176423965897648,046
fa_ipd,one_minus_instance_f1,13,0.325,0.17632938361683298,053
fa_ipd,one_minus_instance_f1,14,0.35,0.16373442764420207,339
fa_ipd,one_minus_instance_f1,15,0.375,0.20467065098644044,112
fa_ipd,one_minus_instance_f1,16,0.4,0.21618429085534346,172
fa_ipd,one_minus_instance_f1,17,0.425,0.22503619531483307,047
fa_ipd,one_minus_instance_f1,18,0.45,0.2433983819948732,417
fa_ipd,one_minus_instance_f1,19,0.475,0.26567566013549393,008
fa_ipd,one_minus_instance_f1,20,0.5,0.25572521046205254,060
fa_ipd,one_minus_instance_f1,21,0.525,0.25035054057610445,074
fa_ipd,one_minus_instance_f1,22,0.55,0.2389709705499179,340
fa_ipd,one_minus_instance_f1,23,0.575,0.23516854363536283,056
fa_ipd,one_minus_instance_f1,24,0.6,0.23370318765055606,317
fa_ipd,one_minus_instance_f1,25,0.625,0.23768839347786713,355
fa_ipd,one_minus_instance_f1,26,0.65,0.22854653219025686,380
fa_ipd,one_minus_instance_f1,27,0.675,0.22008184581283993,357
fa_ipd,one_minus_instance_f1,28,0.7,0.22809479576396868,154
fa_ipd,one_minus_instance_f1,29,0.725,0.23555512847708854,004
fa_ipd,one_minus_instance_f1,30,0.75,0.2491847723426671,031
fa_ipd,one_minus_instance_f1,31,0.775,0.2518992420520434,104
fa_ipd,one_minus_instance_f1,32,0.8,0.24551548597601228,151
fa_ipd,one_minus_instance_f1,33,0.825,0.2517119864009816,193
fa_ipd,one_minus_instance_f1,34,0.85,0.25019104562448213,327
fa_ipd,one_minus_instance_f1,35,0.875,0.2504501374426186,076
fa_ipd,one_minus_instance_f1,36,0.9,0.24349318918032367,254
fa_ipd,one_minus_instance_f1,37,0.925,0.24532070058385846,177
fa_ipd,one_minus_instance_f1,38,0.95,0.24827478103101372,030
fa_ipd,one_minus_instance_f1,39,0.975,0.2528977719935885,336
fa_ipd,one_minus_instance_f1,40,1.0,0.2632419943604154,036
fa_ipd,normalized_merge_split_error,1,0.025,1.0,305
fa_ipd,normalized_merge_split_error,2,0.05,1.375,268
fa_ipd,normalized_merge_split_error,3,0.075,0.9166666666666666,292
fa_ipd,normalized_merge_split_error,4,0.1,1.1041666666666667,262
fa_ipd,normalized_merge_split_error,5,0.125,1.1833333333333333,255
fa_ipd,normalized_merge_split_error,6,0.15,1.152777777777778,293
fa_ipd,normalized_merge_split_error,7,0.175,1.130952380952381,365
fa_ipd,normalized_merge_split_error,8,0.2,1.1145833333333335,259
fa_ipd,normalized_merge_split_error,9,0.225,0.9907407407407409,342
fa_ipd,normalized_merge_split_error,10,0.25,1.0041666666666669,415
fa_ipd,normalized_merge_split_error,11,0.275,0.9492424242424243,167
fa_ipd,normalized_merge_split_error,12,0.3,0.9479166666666669,046
fa_ipd,normalized_merge_split_error,13,0.325,0.9079670329670331,053
fa_ipd,normalized_merge_split_error,14,0.35,0.9145408163265307,339
fa_ipd,normalized_merge_split_error,15,0.375,0.8535714285714288,112
fa_ipd,normalized_merge_split_error,16,0.4,0.8071676587301588,172
fa_ipd,normalized_merge_split_error,17,0.425,0.7596872082166201,047
fa_ipd,normalized_merge_split_error,18,0.45,0.7651014109347444,417
fa_ipd,normalized_merge_split_error,19,0.475,0.7248329156223894,008
fa_ipd,normalized_merge_split_error,20,0.5,0.7219246031746033,060
fa_ipd,normalized_merge_split_error,21,0.525,0.7192932728647015,074
fa_ipd,normalized_merge_split_error,22,0.55,0.7320526695526696,340
fa_ipd,normalized_merge_split_error,23,0.575,0.717615596963423,056
fa_ipd,normalized_merge_split_error,24,0.6,0.7293816137566137,317
fa_ipd,normalized_merge_split_error,25,0.625,0.7202063492063492,355
fa_ipd,normalized_merge_split_error,26,0.65,0.7181471306471306,380
fa_ipd,normalized_merge_split_error,27,0.675,0.728586125808348,357
fa_ipd,normalized_merge_split_error,28,0.7,0.7025651927437642,154
fa_ipd,normalized_merge_split_error,29,0.725,0.6998905309250137,004
fa_ipd,normalized_merge_split_error,30,0.75,0.6765608465608466,031
fa_ipd,normalized_merge_split_error,31,0.775,0.6547363031233999,104
fa_ipd,normalized_merge_split_error,32,0.8,0.6446924603174603,151
fa_ipd,normalized_merge_split_error,33,0.825,0.6403078403078403,193
fa_ipd,normalized_merge_split_error,34,0.85,0.6508870214752568,327
fa_ipd,normalized_merge_split_error,35,0.875,0.6374850546279118,076
fa_ipd,normalized_merge_split_error,36,0.9,0.647554914221581,254
fa_ipd,normalized_merge_split_error,37,0.925,0.6377754377754378,177
fa_ipd,normalized_merge_split_error,38,0.95,0.6333757745522451,030
fa_ipd,normalized_merge_split_error,39,0.975,0.6376481905893671,336
fa_ipd,normalized_merge_split_error,40,1.0,0.6217069858246329,036
fa_ipd,one_minus_binary_dice,1,0.025,0.012410079589951328,305
fa_ipd,one_minus_binary_dice,2,0.05,0.019379845343162894,268
fa_ipd,one_minus_binary_dice,3,0.075,0.1327700234164034,292
fa_ipd,one_minus_binary_dice,4,0.1,0.10636855541048199,262
fa_ipd,one_minus_binary_dice,5,0.125,0.0934919178235635,255
fa_ipd,one_minus_binary_dice,6,0.15,0.09786841197374542,293
fa_ipd,one_minus_binary_dice,7,0.175,0.13597836712088132,365
fa_ipd,one_minus_binary_dice,8,0.2,0.1851452505582604,259
fa_ipd,one_minus_binary_dice,9,0.225,0.2232173928248833,342
fa_ipd,one_minus_binary_dice,10,0.25,0.23555202487955107,415
fa_ipd,one_minus_binary_dice,11,0.275,0.23827757263661173,167
fa_ipd,one_minus_binary_dice,12,0.3,0.235423078403606,046
fa_ipd,one_minus_binary_dice,13,0.325,0.23246841281834357,053
fa_ipd,one_minus_binary_dice,14,0.35,0.2480441431396904,339
fa_ipd,one_minus_binary_dice,15,0.375,0.2478552454506759,112
fa_ipd,one_minus_binary_dice,16,0.4,0.24237583269699772,172
fa_ipd,one_minus_binary_dice,17,0.425,0.24090161953746314,047
fa_ipd,one_minus_binary_dice,18,0.45,0.22845230036216868,417
fa_ipd,one_minus_binary_dice,19,0.475,0.22752874553635366,008
fa_ipd,one_minus_binary_dice,20,0.5,0.2252694690439206,060
fa_ipd,one_minus_binary_dice,21,0.525,0.22557629569062407,074
fa_ipd,one_minus_binary_dice,22,0.55,0.2241446607735287,340
fa_ipd,one_minus_binary_dice,23,0.575,0.22456307636045422,056
fa_ipd,one_minus_binary_dice,24,0.6,0.21559877257002738,317
fa_ipd,one_minus_binary_dice,25,0.625,0.20760919909730752,355
fa_ipd,one_minus_binary_dice,26,0.65,0.21459397405317432,380
fa_ipd,one_minus_binary_dice,27,0.675,0.2075220746353201,357
fa_ipd,one_minus_binary_dice,28,0.7,0.21226901782651056,154
fa_ipd,one_minus_binary_dice,29,0.725,0.21350116454046056,004
fa_ipd,one_minus_binary_dice,30,0.75,0.2154009585251212,031
fa_ipd,one_minus_binary_dice,31,0.775,0.21684018054182871,104
fa_ipd,one_minus_binary_dice,32,0.8,0.21511115133787764,151
fa_ipd,one_minus_binary_dice,33,0.825,0.21512448575929138,193
fa_ipd,one_minus_binary_dice,34,0.85,0.22300809407828867,327
fa_ipd,one_minus_binary_dice,35,0.875,0.22366544395604937,076
fa_ipd,one_minus_binary_dice,36,0.9,0.22916118844660557,254
fa_ipd,one_minus_binary_dice,37,0.925,0.22853179987713065,177
fa_ipd,one_minus_binary_dice,38,0.95,0.22856751186072302,030
fa_ipd,one_minus_binary_dice,39,0.975,0.2353485862427639,336
fa_ipd,one_minus_binary_dice,40,1.0,0.23609104579206303,036
