confounder,quartile,n_cases,score,risk,mean_score,mean_risk,spearman_rho
retained_gt_fragment_count,1,8,mean_entropy,one_minus_instance_f1,0.26159281797946987,0.06666666666666667,-0.34291382751370236
retained_gt_fragment_count,1,8,mean_entropy,normalized_merge_split_error,0.26159281797946987,0.875,0.08247860988423225
retained_gt_fragment_count,1,8,mean_entropy,one_minus_binary_dice,0.26159281797946987,0.2848803535139119,0.11904761904761905
retained_gt_fragment_count,1,8,p95_entropy,one_minus_instance_f1,0.6322537212272775,0.06666666666666667,0.29615285103456107
retained_gt_fragment_count,1,8,p95_entropy,normalized_merge_split_error,0.6322537212272775,0.875,-0.41239304942116123
retained_gt_fragment_count,1,8,p95_entropy,one_minus_binary_dice,0.6322537212272775,0.2848803535139119,0.8095238095238096
retained_gt_fragment_count,1,8,pairwise_semantic_dice_disagreement,one_minus_instance_f1,0.1778431449063063,0.06666666666666667,-0.34291382751370236
retained_gt_fragment_count,1,8,pairwise_semantic_dice_disagreement,normalized_merge_split_error,0.1778431449063063,0.875,0.08247860988423225
retained_gt_fragment_count,1,8,pairwise_semantic_dice_disagreement,one_minus_binary_dice,0.1778431449063063,0.2848803535139119,0.11904761904761905
retained_gt_fragment_count,1,8,foreground_jaccard_disagreement,one_minus_instance_f1,0.27618734685524454,0.06666666666666667,-0.34291382751370236
retained_gt_fragment_count,1,8,foreground_jaccard_disagreement,normalized_merge_split_error,0.27618734685524454,0.875,0.08247860988423225
retained_gt_fragment_count,1,8,foreground_jaccard_disagreement,one_minus_binary_dice,0.27618734685524454,0.2848803535139119,0.11904761904761905
retained_gt_fragment_count,1,8,union_foreground_nvi,one_minus_instance_f1,0.0359111500771858,0.06666666666666667,0.545544725589981
retained_gt_fragment_count,1,8,union_foreground_nvi,normalized_merge_split_error,0.0359111500771858,0.875,-0.5773502691896257
retained_gt_fragment_count,1,8,union_foreground_nvi,one_minus_binary_dice,0.0359111500771858,0.2848803535139119,0.7857142857142858
retained_gt_fragment_count,1,8,fragment_count_variance,one_minus_instance_f1,0.861111111111111,0.06666666666666667,0.46539000274399617
retained_gt_fragment_count,1,8,fragment_count_variance,normalized_merge_split_error,0.861111111111111,0.875,-0.41739193556484105
retained_gt_fragment_count,1,8,fragment_count_variance,one_minus_binary_dice,0.861111111111111,0.2848803535139119,-0.07229440390678199
retained_gt_fragment_count,1,8,hungarian_structural_disagreement,one_minus_instance_f1,0.43619727212764625,0.06666666666666667,0.7325886315065459
retained_gt_fragment_count,1,8,hungarian_structural_disagreement,normalized_merge_split_error,0.43619727212764625,0.875,-0.41239304942116123
retained_gt_fragment_count,1,8,hungarian_structural_disagreement,one_minus_binary_dice,0.43619727212764625,0.2848803535139119,0.14285714285714288
retained_gt_fragment_count,1,8,fa_ipd,one_minus_instance_f1,0.2852582885571384,0.06666666666666667,-0.34291382751370236
retained_gt_fragment_count,1,8,fa_ipd,normalized_merge_split_error,0.2852582885571384,0.875,0.08247860988423225
retained_gt_fragment_count,1,8,fa_ipd,one_minus_binary_dice,0.2852582885571384,0.2848803535139119,0.11904761904761905
retained_gt_fragment_count,2,11,mean_entropy,one_minus_instance_f1,0.24562320255559736,0.17922077922077922,0.678069517461136
retained_gt_fragment_count,2,11,mean_entropy,normalized_merge_split_error,0.24562320255559736,0.8984848484848484,-0.468996499669137
retained_gt_fragment_count,2,11,mean_entropy,one_minus_binary_dice,0.24562320255559736,0.22458123627565624,0.39090909090909093
retained_gt_fragment_count,2,11,p95_entropy,one_minus_instance_f1,0.6322682524407323,0.17922077922077922,0.7392841266763776
retained_gt_fragment_count,2,11,p95_entropy,normalized_merge_split_error,0.6322682524407323,0.8984848484848484,-0.45060448007426884
retained_gt_fragment_count,2,11,p95_entropy,one_minus_binary_dice,0.6322682524407323,0.22458123627565624,0.4727272727272727
retained_gt_fragment_count,2,11,pairwise_semantic_dice_disagreement,one_minus_instance_f1,0.18420252282854746,0.17922077922077922,0.678069517461136
retained_gt_fragment_count,2,11,pairwise_semantic_dice_disagreement,normalized_merge_split_error,0.18420252282854746,0.8984848484848484,-0.468996499669137
retained_gt_fragment_count,2,11,pairwise_semantic_dice_disagreement,one_minus_binary_dice,0.18420252282854746,0.22458123627565624,0.39090909090909093
retained_gt_fragment_count,2,11,foreground_jaccard_disagreement,one_minus_instance_f1,0.27337148669719596,0.17922077922077922,0.762828207143778
retained_gt_fragment_count,2,11,foreground_jaccard_disagreement,normalized_merge_split_error,0.27337148669719596,0.8984848484848484,-0.5563585927447606
retained_gt_fragment_count,2,11,foreground_jaccard_disagreement,one_minus_binary_dice,0.27337148669719596,0.22458123627565624,0.44545454545454555
retained_gt_fragment_count,2,11,union_foreground_nvi,one_minus_instance_f1,0.04352066843067439,0.17922077922077922,0.40495818403928957
retained_gt_fragment_count,2,11,union_foreground_nvi,normalized_merge_split_error,0.04352066843067439,0.8984848484848484,0.2069102204422663
retained_gt_fragment_count,2,11,union_foreground_nvi,one_minus_binary_dice,0.04352066843067439,0.22458123627565624,0.41818181818181827
retained_gt_fragment_count,2,11,fragment_count_variance,one_minus_instance_f1,0.8484848484848485,0.17922077922077922,0.7042197537637414
retained_gt_fragment_count,2,11,fragment_count_variance,normalized_merge_split_error,0.8484848484848485,0.8984848484848484,-0.44056063747000923
retained_gt_fragment_count,2,11,fragment_count_variance,one_minus_binary_dice,0.8484848484848485,0.22458123627565624,0.2857415935487382
retained_gt_fragment_count,2,11,hungarian_structural_disagreement,one_minus_instance_f1,0.4838671072373293,0.17922077922077922,0.3249083104501277
retained_gt_fragment_count,2,11,hungarian_structural_disagreement,normalized_merge_split_error,0.4838671072373293,0.8984848484848484,-0.2666842841255877
retained_gt_fragment_count,2,11,hungarian_structural_disagreement,one_minus_binary_dice,0.4838671072373293,0.22458123627565624,0.8909090909090911
retained_gt_fragment_count,2,11,fa_ipd,one_minus_instance_f1,0.28761098351149805,0.17922077922077922,0.6874871496480963
retained_gt_fragment_count,2,11,fa_ipd,normalized_merge_split_error,0.28761098351149805,0.8984848484848484,-0.43681046537811774
retained_gt_fragment_count,2,11,fa_ipd,one_minus_binary_dice,0.28761098351149805,0.22458123627565624,0.5454545454545455
retained_gt_fragment_count,3,11,mean_entropy,one_minus_instance_f1,0.27309344836813837,0.294949494949495,0.16363636363636366
retained_gt_fragment_count,3,11,mean_entropy,normalized_merge_split_error,0.27309344836813837,0.46356421356421357,0.08219263769590017
retained_gt_fragment_count,3,11,mean_entropy,one_minus_binary_dice,0.27309344836813837,0.19802145425747372,0.009090909090909092
retained_gt_fragment_count,3,11,p95_entropy,one_minus_instance_f1,0.6569478055267485,0.294949494949495,0.7090909090909092
retained_gt_fragment_count,3,11,p95_entropy,normalized_merge_split_error,0.6569478055267485,0.46356421356421357,-0.11415644124430578
retained_gt_fragment_count,3,11,p95_entropy,one_minus_binary_dice,0.6569478055267485,0.19802145425747372,0.15454545454545454
retained_gt_fragment_count,3,11,pairwise_semantic_dice_disagreement,one_minus_instance_f1,0.23371726908174764,0.294949494949495,-0.13636363636363638
retained_gt_fragment_count,3,11,pairwise_semantic_dice_disagreement,normalized_merge_split_error,0.23371726908174764,0.46356421356421357,-0.05479509179726678
retained_gt_fragment_count,3,11,pairwise_semantic_dice_disagreement,one_minus_binary_dice,0.23371726908174764,0.19802145425747372,-0.09090909090909091
retained_gt_fragment_count,3,11,foreground_jaccard_disagreement,one_minus_instance_f1,0.3682130303146854,0.294949494949495,-0.1272727272727273
retained_gt_fragment_count,3,11,foreground_jaccard_disagreement,normalized_merge_split_error,0.3682130303146854,0.46356421356421357,-0.13242147184339473
retained_gt_fragment_count,3,11,foreground_jaccard_disagreement,one_minus_binary_dice,0.3682130303146854,0.19802145425747372,-0.03636363636363637
retained_gt_fragment_count,3,11,union_foreground_nvi,one_minus_instance_f1,0.048424564717973684,0.294949494949495,-0.2545454545454546
retained_gt_fragment_count,3,11,union_foreground_nvi,normalized_merge_split_error,0.048424564717973684,0.46356421356421357,0.23744539778815602
retained_gt_fragment_count,3,11,union_foreground_nvi,one_minus_binary_dice,0.048424564717973684,0.19802145425747372,0.6545454545454547
retained_gt_fragment_count,3,11,fragment_count_variance,one_minus_instance_f1,1.1717171717171717,0.294949494949495,-0.44704733184238077
retained_gt_fragment_count,3,11,fragment_count_variance,normalized_merge_split_error,1.1717171717171717,0.46356421356421357,-0.04629828100451731
retained_gt_fragment_count,3,11,fragment_count_variance,one_minus_binary_dice,1.1717171717171717,0.19802145425747372,0.4055687134240155
retained_gt_fragment_count,3,11,hungarian_structural_disagreement,one_minus_instance_f1,0.5716703528811264,0.294949494949495,0.3181818181818182
retained_gt_fragment_count,3,11,hungarian_structural_disagreement,normalized_merge_split_error,0.5716703528811264,0.46356421356421357,-0.39726441553018416
retained_gt_fragment_count,3,11,hungarian_structural_disagreement,one_minus_binary_dice,0.5716703528811264,0.19802145425747372,0.4272727272727273
retained_gt_fragment_count,3,11,fa_ipd,one_minus_instance_f1,0.3737747003777739,0.294949494949495,-0.1272727272727273
retained_gt_fragment_count,3,11,fa_ipd,normalized_merge_split_error,0.3737747003777739,0.46356421356421357,-0.13242147184339473
retained_gt_fragment_count,3,11,fa_ipd,one_minus_binary_dice,0.3737747003777739,0.19802145425747372,-0.03636363636363637
retained_gt_fragment_count,4,10,mean_entropy,one_minus_instance_f1,0.31047524110330543,0.47804734252102676,0.24848484848484845
retained_gt_fragment_count,4,10,mean_entropy,normalized_merge_split_error,0.31047524110330543,0.2885739750445633,-0.307392840070685
retained_gt_fragment_count,4,10,mean_entropy,one_minus_binary_dice,0.31047524110330543,0.2515969407706797,0.11515151515151514
retained_gt_fragment_count,4,10,p95_entropy,one_minus_instance_f1,0.6471492147732812,0.47804734252102676,-0.4787878787878787
retained_gt_fragment_count,4,10,p95_entropy,normalized_merge_split_error,0.6471492147732812,0.2885739750445633,-0.06273323266748675
retained_gt_fragment_count,4,10,p95_entropy,one_minus_binary_dice,0.6471492147732812,0.2515969407706797,0.01818181818181818
retained_gt_fragment_count,4,10,pairwise_semantic_dice_disagreement,one_minus_instance_f1,0.2806876963534197,0.47804734252102676,0.0303030303030303
retained_gt_fragment_count,4,10,pairwise_semantic_dice_disagreement,normalized_merge_split_error,0.2806876963534197,0.2885739750445633,-0.18192637473571155
retained_gt_fragment_count,4,10,pairwise_semantic_dice_disagreement,one_minus_binary_dice,0.2806876963534197,0.2515969407706797,0.05454545454545454
retained_gt_fragment_count,4,10,foreground_jaccard_disagreement,one_minus_instance_f1,0.4192994644661257,0.47804734252102676,-0.006060606060606061
retained_gt_fragment_count,4,10,foreground_jaccard_disagreement,normalized_merge_split_error,0.4192994644661257,0.2885739750445633,-0.23211296086970093
retained_gt_fragment_count,4,10,foreground_jaccard_disagreement,one_minus_binary_dice,0.4192994644661257,0.2515969407706797,0.10303030303030303
retained_gt_fragment_count,4,10,union_foreground_nvi,one_minus_instance_f1,0.05091827626699087,0.47804734252102676,-0.5878787878787878
retained_gt_fragment_count,4,10,union_foreground_nvi,normalized_merge_split_error,0.05091827626699087,0.2885739750445633,-0.18192637473571155
retained_gt_fragment_count,4,10,union_foreground_nvi,one_minus_binary_dice,0.05091827626699087,0.2515969407706797,0.13939393939393938
retained_gt_fragment_count,4,10,fragment_count_variance,one_minus_instance_f1,1.5333333333333334,0.47804734252102676,0.06135431191398488
retained_gt_fragment_count,4,10,fragment_count_variance,normalized_merge_split_error,1.5333333333333334,0.2885739750445633,0.012701549270696774
retained_gt_fragment_count,4,10,fragment_count_variance,one_minus_binary_dice,1.5333333333333334,0.2515969407706797,0.2024692293161501
retained_gt_fragment_count,4,10,hungarian_structural_disagreement,one_minus_instance_f1,0.6228201407413949,0.47804734252102676,-0.09090909090909088
retained_gt_fragment_count,4,10,hungarian_structural_disagreement,normalized_merge_split_error,0.6228201407413949,0.2885739750445633,0.06900655593423541
retained_gt_fragment_count,4,10,hungarian_structural_disagreement,one_minus_binary_dice,0.6228201407413949,0.2515969407706797,0.006060606060606061
retained_gt_fragment_count,4,10,fa_ipd,one_minus_instance_f1,0.4245716000915846,0.47804734252102676,-0.10303030303030303
retained_gt_fragment_count,4,10,fa_ipd,normalized_merge_split_error,0.4245716000915846,0.2885739750445633,-0.1881996980024602
retained_gt_fragment_count,4,10,fa_ipd,one_minus_binary_dice,0.4245716000915846,0.2515969407706797,0.01818181818181818
gt_foreground_volume_mm3,1,10,mean_entropy,one_minus_instance_f1,0.26144468738816723,0.11047619047619048,0.39601747035937296
gt_foreground_volume_mm3,1,10,mean_entropy,normalized_merge_split_error,0.26144468738816723,0.9633333333333334,-0.49781130155313164
gt_foreground_volume_mm3,1,10,mean_entropy,one_minus_binary_dice,0.26144468738816723,0.2949242428738883,0.406060606060606
gt_foreground_volume_mm3,1,10,p95_entropy,one_minus_instance_f1,0.6220687673052065,0.11047619047619048,0.6554771923189621
gt_foreground_volume_mm3,1,10,p95_entropy,normalized_merge_split_error,0.6220687673052065,0.9633333333333334,-0.5495319562599505
gt_foreground_volume_mm3,1,10,p95_entropy,one_minus_binary_dice,0.6220687673052065,0.2949242428738883,0.7333333333333332
gt_foreground_volume_mm3,1,10,pairwise_semantic_dice_disagreement,one_minus_instance_f1,0.19000589863043454,0.11047619047619048,0.3345664835794702
gt_foreground_volume_mm3,1,10,pairwise_semantic_dice_disagreement,normalized_merge_split_error,0.19000589863043454,0.9633333333333334,-0.4460906468463127
gt_foreground_volume_mm3,1,10,pairwise_semantic_dice_disagreement,one_minus_binary_dice,0.19000589863043454,0.2949242428738883,0.3696969696969697
gt_foreground_volume_mm3,1,10,foreground_jaccard_disagreement,one_minus_instance_f1,0.28407984798482344,0.11047619047619048,0.39601747035937296
gt_foreground_volume_mm3,1,10,foreground_jaccard_disagreement,normalized_merge_split_error,0.28407984798482344,0.9633333333333334,-0.4460906468463127
gt_foreground_volume_mm3,1,10,foreground_jaccard_disagreement,one_minus_binary_dice,0.28407984798482344,0.2949242428738883,0.43030303030303024
gt_foreground_volume_mm3,1,10,union_foreground_nvi,one_minus_instance_f1,0.04748858652882101,0.11047619047619048,0.648649304898973
gt_foreground_volume_mm3,1,10,union_foreground_nvi,normalized_merge_split_error,0.04748858652882101,0.9633333333333334,0.07111590022187594
gt_foreground_volume_mm3,1,10,union_foreground_nvi,one_minus_binary_dice,0.04748858652882101,0.2949242428738883,0.41818181818181815
gt_foreground_volume_mm3,1,10,fragment_count_variance,one_minus_instance_f1,0.9333333333333332,0.11047619047619048,0.6120859826208637
gt_foreground_volume_mm3,1,10,fragment_count_variance,normalized_merge_split_error,0.9333333333333332,0.9633333333333334,-0.5005310560839684
gt_foreground_volume_mm3,1,10,fragment_count_variance,one_minus_binary_dice,0.9333333333333332,0.2949242428738883,0.4136511808386218
gt_foreground_volume_mm3,1,10,hungarian_structural_disagreement,one_minus_instance_f1,0.48049894411960514,0.11047619047619048,0.8398301526586702
gt_foreground_volume_mm3,1,10,hungarian_structural_disagreement,normalized_merge_split_error,0.48049894411960514,0.9633333333333334,-0.4848811378764269
gt_foreground_volume_mm3,1,10,hungarian_structural_disagreement,one_minus_binary_dice,0.48049894411960514,0.2949242428738883,0.43030303030303024
gt_foreground_volume_mm3,1,10,fa_ipd,one_minus_instance_f1,0.30122135295521624,0.11047619047619048,0.39601747035937296
gt_foreground_volume_mm3,1,10,fa_ipd,normalized_merge_split_error,0.30122135295521624,0.9633333333333334,-0.4460906468463127
gt_foreground_volume_mm3,1,10,fa_ipd,one_minus_binary_dice,0.30122135295521624,0.2949242428738883,0.43030303030303024
gt_foreground_volume_mm3,2,10,mean_entropy,one_minus_instance_f1,0.2789460283501107,0.22150793650793651,0.25312982708035064
gt_foreground_volume_mm3,2,10,mean_entropy,normalized_merge_split_error,0.2789460283501107,0.9732142857142857,-0.6617241025372943
gt_foreground_volume_mm3,2,10,mean_entropy,one_minus_binary_dice,0.2789460283501107,0.17595555527969486,-0.4787878787878787
gt_foreground_volume_mm3,2,10,p95_entropy,one_minus_instance_f1,0.6461954945272843,0.22150793650793651,0.2839993181877105
gt_foreground_volume_mm3,2,10,p95_entropy,normalized_merge_split_error,0.6461954945272843,0.9732142857142857,-0.1362373152282665
gt_foreground_volume_mm3,2,10,p95_entropy,one_minus_binary_dice,0.6461954945272843,0.17595555527969486,0.5636363636363636
gt_foreground_volume_mm3,2,10,pairwise_semantic_dice_disagreement,one_minus_instance_f1,0.19221770548420314,0.22150793650793651,0.4259989772815657
gt_foreground_volume_mm3,2,10,pairwise_semantic_dice_disagreement,normalized_merge_split_error,0.19221770548420314,0.9732142857142857,-0.7784989441615229
gt_foreground_volume_mm3,2,10,pairwise_semantic_dice_disagreement,one_minus_binary_dice,0.19221770548420314,0.17595555527969486,-0.28484848484848485
gt_foreground_volume_mm3,2,10,foreground_jaccard_disagreement,one_minus_instance_f1,0.2917566792824247,0.22150793650793651,0.4259989772815657
gt_foreground_volume_mm3,2,10,foreground_jaccard_disagreement,normalized_merge_split_error,0.2917566792824247,0.9732142857142857,-0.7784989441615229
gt_foreground_volume_mm3,2,10,foreground_jaccard_disagreement,one_minus_binary_dice,0.2917566792824247,0.17595555527969486,-0.28484848484848485
gt_foreground_volume_mm3,2,10,union_foreground_nvi,one_minus_instance_f1,0.037188831359024094,0.22150793650793651,0.11113016798649543
gt_foreground_volume_mm3,2,10,union_foreground_nvi,normalized_merge_split_error,0.037188831359024094,0.9732142857142857,0.12326233282557447
gt_foreground_volume_mm3,2,10,union_foreground_nvi,one_minus_binary_dice,0.037188831359024094,0.17595555527969486,0.7696969696969697
gt_foreground_volume_mm3,2,10,fragment_count_variance,one_minus_instance_f1,0.9777777777777777,0.22150793650793651,0.20440251572327045
gt_foreground_volume_mm3,2,10,fragment_count_variance,normalized_merge_split_error,0.9777777777777777,0.9732142857142857,-0.4295696089306614
gt_foreground_volume_mm3,2,10,fragment_count_variance,one_minus_binary_dice,0.9777777777777777,0.17595555527969486,-0.018521694664415903
gt_foreground_volume_mm3,2,10,hungarian_structural_disagreement,one_minus_instance_f1,0.4861169933747435,0.22150793650793651,0.5988681274827808
gt_foreground_volume_mm3,2,10,hungarian_structural_disagreement,normalized_merge_split_error,0.4861169933747435,0.9732142857142857,-0.525486787309028
gt_foreground_volume_mm3,2,10,hungarian_structural_disagreement,one_minus_binary_dice,0.4861169933747435,0.17595555527969486,0.33333333333333326
gt_foreground_volume_mm3,2,10,fa_ipd,one_minus_instance_f1,0.3006827573552937,0.22150793650793651,0.4259989772815657
gt_foreground_volume_mm3,2,10,fa_ipd,normalized_merge_split_error,0.3006827573552937,0.9732142857142857,-0.7784989441615229
gt_foreground_volume_mm3,2,10,fa_ipd,one_minus_binary_dice,0.3006827573552937,0.17595555527969486,-0.28484848484848485
gt_foreground_volume_mm3,3,10,mean_entropy,one_minus_instance_f1,0.24242038796152096,0.3436171236171236,0.38181818181818183
gt_foreground_volume_mm3,3,10,mean_entropy,normalized_merge_split_error,0.24242038796152096,0.19687229437229437,0.04525557286846651
gt_foreground_volume_mm3,3,10,mean_entropy,one_minus_binary_dice,0.24242038796152096,0.2432486144576751,0.0303030303030303
gt_foreground_volume_mm3,3,10,p95_entropy,one_minus_instance_f1,0.6497789199787922,0.3436171236171236,0.24848484848484845
gt_foreground_volume_mm3,3,10,p95_entropy,normalized_merge_split_error,0.6497789199787922,0.19687229437229437,0.3038588464025609
gt_foreground_volume_mm3,3,10,p95_entropy,one_minus_binary_dice,0.6497789199787922,0.2432486144576751,-0.12727272727272726
gt_foreground_volume_mm3,3,10,pairwise_semantic_dice_disagreement,one_minus_instance_f1,0.22786552371346036,0.3436171236171236,0.04242424242424241
gt_foreground_volume_mm3,3,10,pairwise_semantic_dice_disagreement,normalized_merge_split_error,0.22786552371346036,0.19687229437229437,0.1874873733122184
gt_foreground_volume_mm3,3,10,pairwise_semantic_dice_disagreement,one_minus_binary_dice,0.22786552371346036,0.2432486144576751,-0.06666666666666665
gt_foreground_volume_mm3,3,10,foreground_jaccard_disagreement,one_minus_instance_f1,0.35848828443752795,0.3436171236171236,0.05454545454545454
gt_foreground_volume_mm3,3,10,foreground_jaccard_disagreement,normalized_merge_split_error,0.35848828443752795,0.19687229437229437,0.09697622757528539
gt_foreground_volume_mm3,3,10,foreground_jaccard_disagreement,one_minus_binary_dice,0.35848828443752795,0.2432486144576751,-0.04242424242424241
gt_foreground_volume_mm3,3,10,union_foreground_nvi,one_minus_instance_f1,0.046932208094542696,0.3436171236171236,0.2606060606060606
gt_foreground_volume_mm3,3,10,union_foreground_nvi,normalized_merge_split_error,0.046932208094542696,0.19687229437229437,-0.019395245515057075
gt_foreground_volume_mm3,3,10,union_foreground_nvi,one_minus_binary_dice,0.046932208094542696,0.2432486144576751,0.05454545454545454
gt_foreground_volume_mm3,3,10,fragment_count_variance,one_minus_instance_f1,1.2,0.3436171236171236,-0.006273323266748674
gt_foreground_volume_mm3,3,10,fragment_count_variance,normalized_merge_split_error,1.2,0.19687229437229437,-0.07361195019711582
gt_foreground_volume_mm3,3,10,fragment_count_variance,one_minus_binary_dice,1.2,0.2432486144576751,-0.06900655593423541
gt_foreground_volume_mm3,3,10,hungarian_structural_disagreement,one_minus_instance_f1,0.5667851033708173,0.3436171236171236,0.2606060606060606
gt_foreground_volume_mm3,3,10,hungarian_structural_disagreement,normalized_merge_split_error,0.5667851033708173,0.19687229437229437,0.1099063912519901
gt_foreground_volume_mm3,3,10,hungarian_structural_disagreement,one_minus_binary_dice,0.5667851033708173,0.2432486144576751,-0.12727272727272726
gt_foreground_volume_mm3,3,10,fa_ipd,one_minus_instance_f1,0.3631277288593587,0.3436171236171236,0.05454545454545454
gt_foreground_volume_mm3,3,10,fa_ipd,normalized_merge_split_error,0.3631277288593587,0.19687229437229437,0.09697622757528539
gt_foreground_volume_mm3,3,10,fa_ipd,one_minus_binary_dice,0.3631277288593587,0.2432486144576751,-0.04242424242424241
gt_foreground_volume_mm3,4,10,mean_entropy,one_minus_instance_f1,0.30752670780319175,0.3773667268404111,0.1515151515151515
gt_foreground_volume_mm3,4,10,mean_entropy,normalized_merge_split_error,0.30752670780319175,0.3534080298786181,-0.4554385166235311
gt_foreground_volume_mm3,4,10,mean_entropy,one_minus_binary_dice,0.30752670780319175,0.23023577055699387,0.4666666666666666
gt_foreground_volume_mm3,4,10,p95_entropy,one_minus_instance_f1,0.6530466737080489,0.3773667268404111,-0.1515151515151515
gt_foreground_volume_mm3,4,10,p95_entropy,normalized_merge_split_error,0.6530466737080489,0.3534080298786181,-0.3138833019972984
gt_foreground_volume_mm3,4,10,p95_entropy,one_minus_binary_dice,0.6530466737080489,0.23023577055699387,0.10303030303030303
gt_foreground_volume_mm3,4,10,pairwise_semantic_dice_disagreement,one_minus_instance_f1,0.2725848555516913,0.3773667268404111,0.06666666666666665
gt_foreground_volume_mm3,4,10,pairwise_semantic_dice_disagreement,normalized_merge_split_error,0.2725848555516913,0.3534080298786181,-0.36927447293799814
gt_foreground_volume_mm3,4,10,pairwise_semantic_dice_disagreement,one_minus_binary_dice,0.2725848555516913,0.23023577055699387,0.35757575757575755
gt_foreground_volume_mm3,4,10,foreground_jaccard_disagreement,one_minus_instance_f1,0.4116674989586147,0.3773667268404111,0.06666666666666665
gt_foreground_volume_mm3,4,10,foreground_jaccard_disagreement,normalized_merge_split_error,0.4116674989586147,0.3534080298786181,-0.36927447293799814
gt_foreground_volume_mm3,4,10,foreground_jaccard_disagreement,one_minus_binary_dice,0.4116674989586147,0.23023577055699387,0.35757575757575755
gt_foreground_volume_mm3,4,10,union_foreground_nvi,one_minus_instance_f1,0.049177326809864606,0.3773667268404111,-0.19999999999999998
gt_foreground_volume_mm3,4,10,union_foreground_nvi,normalized_merge_split_error,0.049177326809864606,0.3534080298786181,0.04308202184276645
gt_foreground_volume_mm3,4,10,union_foreground_nvi,one_minus_binary_dice,0.049177326809864606,0.23023577055699387,0.38181818181818183
gt_foreground_volume_mm3,4,10,fragment_count_variance,one_minus_instance_f1,1.3333333333333333,0.3773667268404111,-0.29541957835039856
gt_foreground_volume_mm3,4,10,fragment_count_variance,normalized_merge_split_error,1.3333333333333333,0.3534080298786181,0.146875
gt_foreground_volume_mm3,4,10,fragment_count_variance,one_minus_binary_dice,1.3333333333333333,0.23023577055699387,0.3938927711338647
gt_foreground_volume_mm3,4,10,hungarian_structural_disagreement,one_minus_instance_f1,0.5994681237086472,0.3773667268404111,0.1515151515151515
gt_foreground_volume_mm3,4,10,hungarian_structural_disagreement,normalized_merge_split_error,0.5994681237086472,0.3534080298786181,-0.3015741528993652
gt_foreground_volume_mm3,4,10,hungarian_structural_disagreement,one_minus_binary_dice,0.5994681237086472,0.23023577055699387,0.4666666666666666
gt_foreground_volume_mm3,4,10,fa_ipd,one_minus_instance_f1,0.41527064404562597,0.3773667268404111,-0.01818181818181818
gt_foreground_volume_mm3,4,10,fa_ipd,normalized_merge_split_error,0.41527064404562597,0.3534080298786181,-0.3200378765462651
gt_foreground_volume_mm3,4,10,fa_ipd,one_minus_binary_dice,0.41527064404562597,0.23023577055699387,0.28484848484848485
minimum_retained_gt_fragment_volume_mm3,1,10,mean_entropy,one_minus_instance_f1,0.3012658804860568,0.4370803270803271,-0.04863244349440517
minimum_retained_gt_fragment_volume_mm3,1,10,mean_entropy,normalized_merge_split_error,0.3012658804860568,0.38706603853662674,0.3374487155269168
minimum_retained_gt_fragment_volume_mm3,1,10,mean_entropy,one_minus_binary_dice,0.3012658804860568,0.20598790529470035,-0.17575757575757575
minimum_retained_gt_fragment_volume_mm3,1,10,p95_entropy,one_minus_instance_f1,0.654749652284413,0.4370803270803271,0.2613993837824278
minimum_retained_gt_fragment_volume_mm3,1,10,p95_entropy,normalized_merge_split_error,0.654749652284413,0.38706603853662674,0.288365265995729
minimum_retained_gt_fragment_volume_mm3,1,10,p95_entropy,one_minus_binary_dice,0.654749652284413,0.20598790529470035,0.05454545454545454
minimum_retained_gt_fragment_volume_mm3,1,10,pairwise_semantic_dice_disagreement,one_minus_instance_f1,0.2545674974591472,0.4370803270803271,-0.29179466096643103
minimum_retained_gt_fragment_volume_mm3,1,10,pairwise_semantic_dice_disagreement,normalized_merge_split_error,0.2545674974591472,0.38706603853662674,0.06748974310538336
minimum_retained_gt_fragment_volume_mm3,1,10,pairwise_semantic_dice_disagreement,one_minus_binary_dice,0.2545674974591472,0.20598790529470035,-0.17575757575757575
minimum_retained_gt_fragment_volume_mm3,1,10,foreground_jaccard_disagreement,one_minus_instance_f1,0.38815177233092774,0.4370803270803271,-0.19452977397762067
minimum_retained_gt_fragment_volume_mm3,1,10,foreground_jaccard_disagreement,normalized_merge_split_error,0.38815177233092774,0.38706603853662674,-0.06748974310538336
minimum_retained_gt_fragment_volume_mm3,1,10,foreground_jaccard_disagreement,one_minus_binary_dice,0.38815177233092774,0.20598790529470035,0.0303030303030303
minimum_retained_gt_fragment_volume_mm3,1,10,union_foreground_nvi,one_minus_instance_f1,0.04764152892601264,0.4370803270803271,-0.29179466096643103
minimum_retained_gt_fragment_volume_mm3,1,10,union_foreground_nvi,normalized_merge_split_error,0.04764152892601264,0.38706603853662674,-0.12884405501936821
minimum_retained_gt_fragment_volume_mm3,1,10,union_foreground_nvi,one_minus_binary_dice,0.04764152892601264,0.20598790529470035,0.8181818181818182
minimum_retained_gt_fragment_volume_mm3,1,10,fragment_count_variance,one_minus_instance_f1,1.1111111111111112,0.4370803270803271,-0.20795204272240891
minimum_retained_gt_fragment_volume_mm3,1,10,fragment_count_variance,normalized_merge_split_error,1.1111111111111112,0.38706603853662674,-0.12963209940051626
minimum_retained_gt_fragment_volume_mm3,1,10,fragment_count_variance,one_minus_binary_dice,1.1111111111111112,0.20598790529470035,0.21341860166168644
minimum_retained_gt_fragment_volume_mm3,1,10,hungarian_structural_disagreement,one_minus_instance_f1,0.555365894890813,0.4370803270803271,0.3586642707712381
minimum_retained_gt_fragment_volume_mm3,1,10,hungarian_structural_disagreement,normalized_merge_split_error,0.555365894890813,0.38706603853662674,-0.05521888072258639
minimum_retained_gt_fragment_volume_mm3,1,10,hungarian_structural_disagreement,one_minus_binary_dice,0.555365894890813,0.20598790529470035,0.11515151515151514
minimum_retained_gt_fragment_volume_mm3,1,10,fa_ipd,one_minus_instance_f1,0.3942065273821914,0.4370803270803271,-0.19452977397762067
minimum_retained_gt_fragment_volume_mm3,1,10,fa_ipd,normalized_merge_split_error,0.3942065273821914,0.38706603853662674,-0.06748974310538336
minimum_retained_gt_fragment_volume_mm3,1,10,fa_ipd,one_minus_binary_dice,0.3942065273821914,0.20598790529470035,0.0303030303030303
minimum_retained_gt_fragment_volume_mm3,2,10,mean_entropy,one_minus_instance_f1,0.30581084157002786,0.39144320591689014,0.01818181818181818
minimum_retained_gt_fragment_volume_mm3,2,10,mean_entropy,normalized_merge_split_error,0.30581084157002786,0.5319047619047619,-0.2201927530252721
minimum_retained_gt_fragment_volume_mm3,2,10,mean_entropy,one_minus_binary_dice,0.30581084157002786,0.29533937823755446,0.12727272727272726
minimum_retained_gt_fragment_volume_mm3,2,10,p95_entropy,one_minus_instance_f1,0.6546722778934588,0.39144320591689014,-0.5393939393939393
minimum_retained_gt_fragment_volume_mm3,2,10,p95_entropy,normalized_merge_split_error,0.6546722778934588,0.5319047619047619,-0.27524094128159016
minimum_retained_gt_fragment_volume_mm3,2,10,p95_entropy,one_minus_binary_dice,0.6546722778934588,0.29533937823755446,0.07878787878787878
minimum_retained_gt_fragment_volume_mm3,2,10,pairwise_semantic_dice_disagreement,one_minus_instance_f1,0.25653843263522924,0.39144320591689014,0.06666666666666665
minimum_retained_gt_fragment_volume_mm3,2,10,pairwise_semantic_dice_disagreement,normalized_merge_split_error,0.25653843263522924,0.5319047619047619,-0.1773774954925803
minimum_retained_gt_fragment_volume_mm3,2,10,pairwise_semantic_dice_disagreement,one_minus_binary_dice,0.25653843263522924,0.29533937823755446,0.16363636363636364
minimum_retained_gt_fragment_volume_mm3,2,10,foreground_jaccard_disagreement,one_minus_instance_f1,0.3894589078876447,0.39144320591689014,-0.006060606060606061
minimum_retained_gt_fragment_volume_mm3,2,10,foreground_jaccard_disagreement,normalized_merge_split_error,0.3894589078876447,0.5319047619047619,-0.1345622379598885
minimum_retained_gt_fragment_volume_mm3,2,10,foreground_jaccard_disagreement,one_minus_binary_dice,0.3894589078876447,0.29533937823755446,0.23636363636363633
minimum_retained_gt_fragment_volume_mm3,2,10,union_foreground_nvi,one_minus_instance_f1,0.052670426446368504,0.39144320591689014,-0.12727272727272726
minimum_retained_gt_fragment_volume_mm3,2,10,union_foreground_nvi,normalized_merge_split_error,0.052670426446368504,0.5319047619047619,-0.07339758434175737
minimum_retained_gt_fragment_volume_mm3,2,10,union_foreground_nvi,one_minus_binary_dice,0.052670426446368504,0.29533937823755446,0.38181818181818183
minimum_retained_gt_fragment_volume_mm3,2,10,fragment_count_variance,one_minus_instance_f1,1.6222222222222222,0.39144320591689014,0.5198995557541147
minimum_retained_gt_fragment_volume_mm3,2,10,fragment_count_variance,normalized_merge_split_error,1.6222222222222222,0.5319047619047619,-0.2777777777777778
minimum_retained_gt_fragment_volume_mm3,2,10,fragment_count_variance,one_minus_binary_dice,1.6222222222222222,0.29533937823755446,0.5015501596686753
minimum_retained_gt_fragment_volume_mm3,2,10,hungarian_structural_disagreement,one_minus_instance_f1,0.6354361274989483,0.39144320591689014,0.28484848484848485
minimum_retained_gt_fragment_volume_mm3,2,10,hungarian_structural_disagreement,normalized_merge_split_error,0.6354361274989483,0.5319047619047619,-0.4159196446032918
minimum_retained_gt_fragment_volume_mm3,2,10,hungarian_structural_disagreement,one_minus_binary_dice,0.6354361274989483,0.29533937823755446,0.07878787878787878
minimum_retained_gt_fragment_volume_mm3,2,10,fa_ipd,one_minus_instance_f1,0.39667246493472125,0.39144320591689014,-0.09090909090909088
minimum_retained_gt_fragment_volume_mm3,2,10,fa_ipd,normalized_merge_split_error,0.39667246493472125,0.5319047619047619,-0.0917469804271967
minimum_retained_gt_fragment_volume_mm3,2,10,fa_ipd,one_minus_binary_dice,0.39667246493472125,0.29533937823755446,0.17575757575757575
minimum_retained_gt_fragment_volume_mm3,3,10,mean_entropy,one_minus_instance_f1,0.2096575946181302,0.13777777777777778,0.7055745870108261
minimum_retained_gt_fragment_volume_mm3,3,10,mean_entropy,normalized_merge_split_error,0.2096575946181302,0.8011904761904762,-0.6097674333191042
minimum_retained_gt_fragment_volume_mm3,3,10,mean_entropy,one_minus_binary_dice,0.2096575946181302,0.15020959792557806,0.2727272727272727
minimum_retained_gt_fragment_volume_mm3,3,10,p95_entropy,one_minus_instance_f1,0.6256490402655306,0.13777777777777778,0.46015733935488656
minimum_retained_gt_fragment_volume_mm3,3,10,p95_entropy,normalized_merge_split_error,0.6256490402655306,0.8011904761904762,-0.6280604563186774
minimum_retained_gt_fragment_volume_mm3,3,10,p95_entropy,one_minus_binary_dice,0.6256490402655306,0.15020959792557806,0.5393939393939393
minimum_retained_gt_fragment_volume_mm3,3,10,pairwise_semantic_dice_disagreement,one_minus_instance_f1,0.17349078661190992,0.13777777777777778,0.7055745870108261
minimum_retained_gt_fragment_volume_mm3,3,10,pairwise_semantic_dice_disagreement,normalized_merge_split_error,0.17349078661190992,0.8011904761904762,-0.6097674333191042
minimum_retained_gt_fragment_volume_mm3,3,10,pairwise_semantic_dice_disagreement,one_minus_binary_dice,0.17349078661190992,0.15020959792557806,0.2727272727272727
minimum_retained_gt_fragment_volume_mm3,3,10,foreground_jaccard_disagreement,one_minus_instance_f1,0.2642587183836147,0.13777777777777778,0.6442202750968412
minimum_retained_gt_fragment_volume_mm3,3,10,foreground_jaccard_disagreement,normalized_merge_split_error,0.2642587183836147,0.8011904761904762,-0.6585488279846325
minimum_retained_gt_fragment_volume_mm3,3,10,foreground_jaccard_disagreement,one_minus_binary_dice,0.2642587183836147,0.15020959792557806,0.32121212121212117
minimum_retained_gt_fragment_volume_mm3,3,10,union_foreground_nvi,one_minus_instance_f1,0.04302796119286254,0.13777777777777778,0.3619904402925108
minimum_retained_gt_fragment_volume_mm3,3,10,union_foreground_nvi,normalized_merge_split_error,0.04302796119286254,0.8011904761904762,0.22561395032806852
minimum_retained_gt_fragment_volume_mm3,3,10,union_foreground_nvi,one_minus_binary_dice,0.04302796119286254,0.15020959792557806,0.07878787878787878
minimum_retained_gt_fragment_volume_mm3,3,10,fragment_count_variance,one_minus_instance_f1,0.9777777777777777,0.13777777777777778,0.11838063674131637
minimum_retained_gt_fragment_volume_mm3,3,10,fragment_count_variance,normalized_merge_split_error,0.9777777777777777,0.8011904761904762,-0.2910342252131161
minimum_retained_gt_fragment_volume_mm3,3,10,fragment_count_variance,one_minus_binary_dice,0.9777777777777777,0.15020959792557806,0.18463723646899907
minimum_retained_gt_fragment_volume_mm3,3,10,hungarian_structural_disagreement,one_minus_instance_f1,0.48409616207432676,0.13777777777777778,0.34971957790971375
minimum_retained_gt_fragment_volume_mm3,3,10,hungarian_structural_disagreement,normalized_merge_split_error,0.48409616207432676,0.8011904761904762,-0.5609860386535758
minimum_retained_gt_fragment_volume_mm3,3,10,hungarian_structural_disagreement,one_minus_binary_dice,0.48409616207432676,0.15020959792557806,0.6242424242424242
minimum_retained_gt_fragment_volume_mm3,3,10,fa_ipd,one_minus_instance_f1,0.2764898530091996,0.13777777777777778,0.717845449393623
minimum_retained_gt_fragment_volume_mm3,3,10,fa_ipd,normalized_merge_split_error,0.2764898530091996,0.8011904761904762,-0.5000092953216654
minimum_retained_gt_fragment_volume_mm3,3,10,fa_ipd,one_minus_binary_dice,0.2764898530091996,0.15020959792557806,0.17575757575757575
minimum_retained_gt_fragment_volume_mm3,4,10,mean_entropy,one_minus_instance_f1,0.27360349482877583,0.08666666666666667,-0.37455547914624565
minimum_retained_gt_fragment_volume_mm3,4,10,mean_entropy,normalized_merge_split_error,0.27360349482877583,0.7666666666666666,0.014982219165849823
minimum_retained_gt_fragment_volume_mm3,4,10,mean_entropy,one_minus_binary_dice,0.27360349482877583,0.29282730171041926,0.09090909090909088
minimum_retained_gt_fragment_volume_mm3,4,10,p95_entropy,one_minus_instance_f1,0.6360188850759297,0.08666666666666667,0.5468509995535186
minimum_retained_gt_fragment_volume_mm3,4,10,p95_entropy,normalized_merge_split_error,0.6360188850759297,0.7666666666666666,-0.3670643695633207
minimum_retained_gt_fragment_volume_mm3,4,10,p95_entropy,one_minus_binary_dice,0.6360188850759297,0.29282730171041926,0.6121212121212121
minimum_retained_gt_fragment_volume_mm3,4,10,pairwise_semantic_dice_disagreement,one_minus_instance_f1,0.19807726667350298,0.08666666666666667,-0.20975106832189752
minimum_retained_gt_fragment_volume_mm3,4,10,pairwise_semantic_dice_disagreement,normalized_merge_split_error,0.19807726667350298,0.7666666666666666,-0.14982219165849825
minimum_retained_gt_fragment_volume_mm3,4,10,pairwise_semantic_dice_disagreement,one_minus_binary_dice,0.19807726667350298,0.29282730171041926,0.06666666666666665
minimum_retained_gt_fragment_volume_mm3,4,10,foreground_jaccard_disagreement,one_minus_instance_f1,0.3041229120612037,0.08666666666666667,-0.044946657497549475
minimum_retained_gt_fragment_volume_mm3,4,10,foreground_jaccard_disagreement,normalized_merge_split_error,0.3041229120612037,0.7666666666666666,-0.254697725819447
minimum_retained_gt_fragment_volume_mm3,4,10,foreground_jaccard_disagreement,one_minus_binary_dice,0.3041229120612037,0.29282730171041926,0.09090909090909088
minimum_retained_gt_fragment_volume_mm3,4,10,union_foreground_nvi,one_minus_instance_f1,0.03744703622700871,0.08666666666666667,0.689182081629092
minimum_retained_gt_fragment_volume_mm3,4,10,union_foreground_nvi,normalized_merge_split_error,0.03744703622700871,0.7666666666666666,-0.6292532049656926
minimum_retained_gt_fragment_volume_mm3,4,10,union_foreground_nvi,one_minus_binary_dice,0.03744703622700871,0.29282730171041926,0.6606060606060605
minimum_retained_gt_fragment_volume_mm3,4,10,fragment_count_variance,one_minus_instance_f1,0.7333333333333333,0.08666666666666667,0.20604084592303357
minimum_retained_gt_fragment_volume_mm3,4,10,fragment_count_variance,normalized_merge_split_error,0.7333333333333333,0.7666666666666666,0.06868028197434453
minimum_retained_gt_fragment_volume_mm3,4,10,fragment_count_variance,one_minus_binary_dice,0.7333333333333333,0.29282730171041926,-0.03086949110735984
minimum_retained_gt_fragment_volume_mm3,4,10,hungarian_structural_disagreement,one_minus_instance_f1,0.45797098010972503,0.08666666666666667,0.681690972046167
minimum_retained_gt_fragment_volume_mm3,4,10,hungarian_structural_disagreement,normalized_merge_split_error,0.45797098010972503,0.7666666666666666,-0.5618332187193684
minimum_retained_gt_fragment_volume_mm3,4,10,hungarian_structural_disagreement,one_minus_binary_dice,0.45797098010972503,0.29282730171041926,0.12727272727272726
minimum_retained_gt_fragment_volume_mm3,4,10,fa_ipd,one_minus_instance_f1,0.3129336378893823,0.08666666666666667,-0.044946657497549475
minimum_retained_gt_fragment_volume_mm3,4,10,fa_ipd,normalized_merge_split_error,0.3129336378893823,0.7666666666666666,-0.254697725819447
minimum_retained_gt_fragment_volume_mm3,4,10,fa_ipd,one_minus_binary_dice,0.3129336378893823,0.29282730171041926,0.09090909090909088
