case_id,mean_entropy,p95_entropy,pairwise_semantic_dice_disagreement,foreground_jaccard_disagreement,union_foreground_nvi,fragment_count_variance,hungarian_structural_disagreement,fa_ipd,fa_partition_nvi,fa_weighted_partition_contribution,roi_voxels,mean_member_fragment_count
004,0.3005128380291966,0.6690173032119954,0.2756893525923452,0.41912274599832866,0.04300053274077931,0.6666666666666666,0.6587105128434244,0.420831118835227,0.0031064573650092073,0.0017083728368983452,768946,6.0
008,0.2441264653872219,0.6626274431918198,0.21811907780753148,0.3556242928148265,0.0468043048510521,1.5555555555555554,0.7161613549530622,0.3619332704828158,0.010197686478244103,0.006308977667989354,1757169,7.666666666666667
030,0.4811828683486194,0.6770480525896886,0.4144415880172369,0.5616971523611339,0.05723169888085816,2.888888888888889,0.8161569897067452,0.5635928224371297,0.005768020678586287,0.0018956700759958384,1609929,6.666666666666667
031,0.32172872745572684,0.6382540743355619,0.2661281314096977,0.4196999008027203,0.061938035006951477,4.666666666666667,0.5892294590268691,0.4291458853281765,0.015667952810214932,0.009445984525456226,1344837,11.0
036,0.48961111187914286,0.6423926825939359,0.450856639113812,0.6193112838353891,0.05387006641581313,0.0,0.7796730577843581,0.6225378199717642,0.00873947739470475,0.0032265361363751056,1978946,6.0
046,0.15629006594719927,0.6366719594232998,0.16567286922004423,0.2835597316806995,0.054685825427755415,0.0,0.4925316892364539,0.28784434657235763,0.005980070882399403,0.00428461489165819,1259189,10.0
047,0.29237177615634397,0.6766016014347757,0.20528620069176637,0.3379474256705373,0.05653982666914673,1.5555555555555554,0.7327596552605439,0.34181531780318514,0.006111369215895037,0.003867892132647837,1046096,4.666666666666667
053,0.13023023701404338,0.6365357472882315,0.16997050383857573,0.2900192609730384,0.04900973312778089,0.22222222222222224,0.39475735689116886,0.2905560076585151,0.000743607086331634,0.0005367466854767152,1191784,3.6666666666666665
056,0.2540789656624605,0.6762142381092788,0.2435713706516769,0.3894745968228292,0.06269122438662834,0.888888888888889,0.5750379642794644,0.393672907348501,0.006632152912849941,0.004198310525671886,1286001,7.666666666666667
060,0.23457527277762796,0.6369406530780874,0.22064636486585096,0.3613543603175559,0.04872487359074723,1.5555555555555554,0.4366852534990973,0.36323519814843613,0.0029629076010088116,0.0018808378308802151,2120161,7.666666666666667
074,0.26216990177671595,0.6599109437647555,0.23438777322362267,0.369103050328597,0.0628760312343098,3.555555555555556,0.6555957054813774,0.38759074547836386,0.03270519170473953,0.018487695149766847,1438889,8.333333333333334
076,0.2528368736245741,0.6370881938178099,0.31093990105674746,0.470754665273216,0.05103840761326341,0.22222222222222224,0.5743589191153319,0.47300953940733176,0.00410440725115807,0.0022548741341157463,1439132,5.333333333333333
104,0.2582520045419699,0.6656415022793121,0.2783364049293056,0.4338371439067288,0.05315316946540453,0.22222222222222224,0.5391154124085107,0.43736771714348494,0.006484575559688613,0.0035305732367561173,1115074,3.3333333333333335
112,0.277297030735974,0.636622414627548,0.1987149699314673,0.3124898878436775,0.04462450794900203,0.22222222222222224,0.48457059793154605,0.3303061824769329,0.0247022763636004,0.017816294633255417,1130934,3.3333333333333335
151,0.302168501185443,0.6392959600566338,0.2879052995877481,0.43700161746982746,0.041295106790458204,2.6666666666666665,0.6314301272098674,0.4375959274425149,0.001153415437404059,0.0005943099726874526,1255913,4.0
154,0.3160649311004343,0.6533034110223164,0.2638113747938949,0.4172274836197527,0.05731453321760573,2.6666666666666665,0.5957203155599888,0.4193859908527924,0.0036528930605104737,0.002158507233039686,1931407,5.0
167,0.20115167425193028,0.6365286097916626,0.17946800579310862,0.28770029142046827,0.02956052912536498,0.888888888888889,0.5069519106348828,0.28774248081536336,6.15430395954985e-05,4.218939489510973e-05,1196016,5.333333333333333
172,0.15308342317331347,0.6408416491552491,0.20452393328637386,0.33510873704531896,0.04246439116040935,0.0,0.21211147580306958,0.33527579785722633,0.00026563592624632206,0.00016706081190738436,1227384,5.0
177,0.48876605262058975,0.6702271742267185,0.38675380651120256,0.5436654733066945,0.028505492376635532,0.22222222222222224,0.7664951841199548,0.5436859205196407,3.486759992151318e-05,2.0447212946221287e-05,1015168,3.6666666666666665
193,0.3545101620269926,0.6373685114217101,0.31327211354651124,0.4310796510013706,0.03622793464666607,2.888888888888889,0.8139705041383084,0.4384780257054966,0.013348470014364735,0.007398374704126038,662022,5.666666666666667
254,0.403395262532856,0.6477292010159583,0.3181554522371071,0.4749321604244961,0.021170293333215157,0.6666666666666666,0.4020810607993095,0.47811812574953166,0.006164340822772529,0.0031859653250355183,1164445,3.0
255,0.07915642915557156,0.6276681661323835,0.020575152790016354,0.04031977672995099,0.06416889912496167,0.22222222222222224,0.5470160470069949,0.08752346101135759,0.049161216709491945,0.04720368428140659,225417,2.3333333333333335
259,0.18768045101983732,0.6442592311611574,0.1116854540392996,0.19831872507384052,0.05207262182306158,0.22222222222222224,0.2867287356893099,0.2093170023744992,0.013496790569591655,0.010998277300658657,827370,4.333333333333333
262,0.051607749183283994,0.5082551364030484,0.014181235618209609,0.02796384736496982,0.059281339378149,0.0,0.4987848139796109,0.07458394690623354,0.04793651869234353,0.046620099541263726,258646,2.0
268,0.0774178484865621,0.6324779270664955,0.018210620018284846,0.03575140876661708,0.018872068872770657,0.0,0.04673250415205058,0.038206552173068904,0.002546554823293896,0.0024551434064518166,301571,3.0
292,0.08297223597859942,0.6364923228697313,0.029280225329508136,0.05685873247008664,0.015767059014106632,0.6666666666666666,0.5044793290489279,0.05685873247008664,0.0,0.0,1321714,4.0
293,0.16958781051598323,0.637206746912,0.08817182341683498,0.15914002543685335,0.04421765994644269,0.8888888888888888,0.7765763166474499,0.18542952998068443,0.030359425176265983,0.026289504543831093,3639318,3.3333333333333335
305,0.051815653942806086,0.5415795551306585,0.010547061705548236,0.020855891045382765,0.010975378389534088,0.0,0.024691442012272396,0.022206583808294534,0.001380593852235679,0.001350692762911774,523452,2.0
317,0.38666665874431183,0.6365208634020024,0.28889405173347094,0.4049038455801144,0.01641443437952823,0.8888888888888888,0.34580742568981454,0.406210138831655,0.002199564285728952,0.001306293251540568,1040743,2.6666666666666665
327,0.4017512147693484,0.6678301888486204,0.29581209580282014,0.44714356082760204,0.04402909211651129,1.5555555555555554,0.5558119258232206,0.4531537764200084,0.009788272832195159,0.006010215592406377,813022,4.666666666666667
336,0.43186637844063125,0.6560489076251896,0.4085808257865156,0.5713866729043513,0.10062146917115843,2.888888888888889,0.8149231711700216,0.5946811793796944,0.061470007157217905,0.02329450647534309,873958,5.333333333333333
339,0.2833184889710805,0.6599293937892502,0.18226844838218192,0.30650045812071186,0.05165951657120787,0.6666666666666666,0.5307952087596605,0.3159940113905739,0.013820088977887985,0.009493553269862044,1224305,5.0
340,0.3748115419258874,0.6365259337359114,0.27108631369992375,0.3877668711263825,0.018654950789602383,0.8888888888888888,0.3447693800654256,0.38827395454421126,0.0007924854369993472,0.0005070834178288073,675028,2.6666666666666665
342,0.22418660508685365,0.6542797124611782,0.13983676153594216,0.2446918016732519,0.059021390302119635,1.5555555555555554,0.7095351909954023,0.264214685500524,0.026077422858520546,0.01952288382727207,623020,6.666666666666667
355,0.39153091053220773,0.6365206698417364,0.29182712961166785,0.4080963888162088,0.020486993490764892,2.0,0.412201527364137,0.40872815154287023,0.00112868660720953,0.0006317627266614216,790158,3.0
357,0.39794672984045476,0.6365199956121065,0.3009938442336125,0.41729284194103755,0.029517389462303024,2.0,0.4144008420523398,0.4185124151087885,0.0022794544260660342,0.0012195731677510013,639390,3.0
365,0.1555933983690555,0.6509775137177708,0.10083890693894892,0.18293177443917433,0.051904835536866756,0.6666666666666666,0.5066498112997638,0.19650480945478863,0.01652103354185609,0.01357303501561428,806741,5.0
380,0.3850403999100292,0.6365175786617646,0.279691102555274,0.39789320186335125,0.03402799218719622,0.22222222222222224,0.5510162116675699,0.4099023532932304,0.02764707483478167,0.012009151429879135,1301986,2.3333333333333335
415,0.2529567696053628,0.6525580227238057,0.14841678833778524,0.2571640845511936,0.07741511301897759,0.888888888888889,0.47756937252363235,0.28326963002766864,0.03442264872480496,0.02610554547647496,946177,8.666666666666666
417,0.3430666943236634,0.6818693626621606,0.21919085915642175,0.3442322849856208,0.03603480633741379,0.0,0.6060978831071926,0.3457327699019192,0.0025981164126895433,0.0015004849162983593,1720259,4.0
