case,stage2:sac,stage2:sac_lab,stage2:lhip,stage2:lhip_lab,stage2:rhip,stage2:rhip_lab,member_01:sac,member_01:sac_lab,member_01:lhip,member_01:lhip_lab,member_01:rhip,member_01:rhip_lab,member_02:sac,member_02:sac_lab,member_02:lhip,member_02:lhip_lab,member_02:rhip,member_02:rhip_lab,member_03:sac,member_03:sac_lab,member_03:lhip,member_03:lhip_lab,member_03:rhip,member_03:rhip_lab
004,0.98,0.98,0.0,0.0,0.99,0.99,0.98,0.98,0.2,0.2,0.83,0.83,0.98,0.98,0.0,0.0,0.99,0.0,0.97,0.97,0.64,0.64,0.39,0.39
008,0.98,0.98,0.78,0.0,0.63,0.0,0.97,0.97,0.74,0.0,0.59,0.0,0.98,0.98,0.94,0.94,0.0,0.0,0.98,0.98,0.59,0.0,0.79,0.0
030,0.98,0.98,0.43,0.43,0.68,0.68,0.87,0.87,0.02,0.0,0.93,0.65,0.98,0.98,0.94,0.94,0.08,0.08,0.98,0.98,0.86,0.86,0.37,0.36
031,0.98,0.98,0.93,0.21,0.0,0.0,0.98,0.98,0.24,0.24,0.83,0.83,0.98,0.98,0.83,0.83,0.73,0.73,0.97,0.97,0.0,0.0,0.9,0.63
036,0.99,0.99,0.65,0.0,0.57,0.0,0.98,0.98,0.67,0.0,0.37,0.0,0.99,0.99,0.98,0.93,0.0,0.0,0.97,0.97,0.11,0.0,0.98,0.0
046,0.98,0.98,0.22,0.22,0.88,0.87,0.98,0.98,0.19,0.18,0.94,0.94,0.98,0.98,0.85,0.85,0.89,0.88,0.97,0.97,0.41,0.41,0.74,0.73
047,0.98,0.98,0.2,0.2,0.84,0.84,0.82,0.82,0.01,0.0,0.98,0.92,0.96,0.96,0.83,0.83,0.86,0.86,0.93,0.93,0.22,0.22,0.83,0.82
053,0.99,0.99,0.27,0.27,0.89,0.89,0.99,0.99,0.24,0.24,0.94,0.94,0.99,0.99,0.83,0.83,0.89,0.89,0.98,0.98,0.33,0.33,0.74,0.74
056,0.98,0.98,0.46,0.46,0.87,0.87,0.97,0.97,0.19,0.19,0.86,0.86,0.98,0.98,0.89,0.89,0.36,0.36,0.98,0.98,0.82,0.82,0.8,0.8
060,0.98,0.98,0.39,0.39,0.84,0.84,0.98,0.98,0.51,0.51,0.91,0.91,0.95,0.95,0.99,0.99,0.89,0.89,0.86,0.86,0.97,0.97,0.82,0.82
074,0.98,0.97,0.74,0.74,0.61,0.61,0.86,0.86,0.92,0.92,0.53,0.53,0.95,0.95,0.0,0.0,0.91,0.24,0.94,0.94,0.98,0.98,0.71,0.71
076,1.0,1.0,0.09,0.09,0.9,0.9,0.99,0.99,0.06,0.06,0.91,0.91,1.0,1.0,0.95,0.95,0.44,0.44,0.99,0.99,0.43,0.43,0.55,0.55
104,0.99,0.99,0.0,0.0,0.94,0.74,0.98,0.98,0.0,0.0,0.92,0.78,0.99,0.99,0.51,0.51,0.48,0.48,0.98,0.98,0.53,0.53,0.54,0.54
112,0.99,0.99,0.82,0.0,0.19,0.01,0.99,0.99,0.0,0.0,0.96,0.83,0.99,0.99,0.96,0.96,0.87,0.87,0.98,0.98,0.0,0.0,0.98,0.67
151,0.97,0.97,0.62,0.62,0.69,0.69,0.97,0.97,0.36,0.36,0.67,0.67,0.97,0.97,0.95,0.95,0.52,0.52,0.97,0.97,0.97,0.97,0.0,0.0
154,0.86,0.86,0.93,0.51,0.0,0.0,0.95,0.95,0.67,0.67,0.56,0.56,0.95,0.95,0.77,0.77,0.48,0.48,0.96,0.96,0.97,0.97,0.0,0.0
167,0.93,0.93,0.58,0.0,0.45,0.0,0.92,0.92,0.66,0.0,0.46,0.0,0.93,0.93,0.97,0.97,0.0,0.0,0.92,0.92,0.97,0.97,0.0,0.0
172,0.98,0.98,0.56,0.56,0.78,0.78,0.97,0.97,0.28,0.28,0.85,0.85,0.98,0.98,0.98,0.98,0.73,0.73,0.98,0.98,0.94,0.94,0.61,0.61
177,0.98,0.98,0.55,0.55,0.56,0.56,0.97,0.97,0.59,0.0,0.5,0.0,0.98,0.98,0.0,0.0,0.97,0.0,0.97,0.97,0.97,0.97,0.0,0.0
193,0.96,0.96,0.29,0.29,0.83,0.83,0.96,0.96,0.0,0.0,0.96,0.96,0.97,0.97,0.0,0.0,0.97,0.0,0.96,0.96,0.95,0.95,0.35,0.35
254,,,,,,,,,,,,,,,,,,,,,,,,
255,,,,,,,,,,,,,,,,,,,,,,,,
259,,,,,,,,,,,,,,,,,,,,,,,,
262,,,,,,,,,,,,,,,,,,,,,,,,
268,,,,,,,,,,,,,,,,,,,,,,,,
292,,,,,,,,,,,,,,,,,,,,,,,,
293,,,,,,,,,,,,,,,,,,,,,,,,
305,,,,,,,,,,,,,,,,,,,,,,,,
317,,,,,,,,,,,,,,,,,,,,,,,,
327,,,,,,,,,,,,,,,,,,,,,,,,
336,,,,,,,,,,,,,,,,,,,,,,,,
339,,,,,,,,,,,,,,,,,,,,,,,,
340,,,,,,,,,,,,,,,,,,,,,,,,
342,,,,,,,,,,,,,,,,,,,,,,,,
355,,,,,,,,,,,,,,,,,,,,,,,,
357,,,,,,,,,,,,,,,,,,,,,,,,
365,,,,,,,,,,,,,,,,,,,,,,,,
380,,,,,,,,,,,,,,,,,,,,,,,,
415,,,,,,,,,,,,,,,,,,,,,,,,
417,,,,,,,,,,,,,,,,,,,,,,,,
